energy_size,energy_type,planet,universe
85,red,Ravnica‎‎,Dominaria‎‎
83,white,Kamigawa‎‎,Dominaria‎‎
64,white,Ravnica‎‎,Dominaria‎‎
52,green,Korhal,Zendikar‎‎
65,white,Korhal,Zendikar‎‎
56,blue,Aiur,Zendikar‎‎
76,white,Gaia,Mirrodin
32,green,Korhal,Zendikar‎‎
22,blue,Gaia,Mirrodin
86,green,Aiur,Zendikar‎‎
1,black,Ravnica‎‎,Dominaria‎‎
60,blue,Gaia,Mirrodin
25,white,Eos,Mirrodin
93,black,Ravnica‎‎,Dominaria‎‎
34,green,Ravnica‎‎,Dominaria‎‎
3,blue,Gaia,Mirrodin
8,white,Gaia,Mirrodin
65,red,Ravnica‎‎,Dominaria‎‎
99,white,Kamigawa‎‎,Dominaria‎‎
41,blue,Korhal,Zendikar‎‎
56,white,Eos,Mirrodin
41,blue,Kamigawa‎‎,Dominaria‎‎
98,green,Korhal,Zendikar‎‎
87,white,Korhal,Zendikar‎‎
97,black,Ravnica‎‎,Dominaria‎‎
3,white,Kamigawa‎‎,Dominaria‎‎
24,green,Gaia,Mirrodin
70,green,Korhal,Zendikar‎‎
89,white,Kamigawa‎‎,Dominaria‎‎
52,green,Kamigawa‎‎,Dominaria‎‎
45,green,Eos,Mirrodin
60,red,Gaia,Mirrodin
31,blue,Ravnica‎‎,Dominaria‎‎
83,green,Korhal,Zendikar‎‎
5,green,Eos,Mirrodin
98,red,Kamigawa‎‎,Dominaria‎‎
83,black,Eos,Mirrodin
13,black,Aiur,Zendikar‎‎
13,green,Eos,Mirrodin
78,blue,Aiur,Zendikar‎‎
89,blue,Korhal,Zendikar‎‎
31,blue,Gaia,Mirrodin
16,green,Gaia,Mirrodin
24,black,Korhal,Zendikar‎‎
34,blue,Gaia,Mirrodin
86,blue,Ravnica‎‎,Dominaria‎‎
45,white,Eos,Mirrodin
62,blue,Kamigawa‎‎,Dominaria‎‎
41,black,Ravnica‎‎,Dominaria‎‎
5,white,Korhal,Zendikar‎‎
41,black,Ravnica‎‎,Dominaria‎‎
72,white,Aiur,Zendikar‎‎
77,white,Korhal,Zendikar‎‎
76,black,Korhal,Zendikar‎‎
61,black,Aiur,Zendikar‎‎
38,blue,Kamigawa‎‎,Dominaria‎‎
81,black,Gaia,Mirrodin
90,white,Ravnica‎‎,Dominaria‎‎
17,white,Kamigawa‎‎,Dominaria‎‎
98,white,Ravnica‎‎,Dominaria‎‎
69,red,Korhal,Zendikar‎‎
4,white,Aiur,Zendikar‎‎
25,green,Kamigawa‎‎,Dominaria‎‎
30,green,Ravnica‎‎,Dominaria‎‎
7,black,Kamigawa‎‎,Dominaria‎‎
74,black,Korhal,Zendikar‎‎
56,green,Kamigawa‎‎,Dominaria‎‎
34,black,Korhal,Zendikar‎‎
54,white,Ravnica‎‎,Dominaria‎‎
83,blue,Eos,Mirrodin
14,white,Korhal,Zendikar‎‎
23,black,Korhal,Zendikar‎‎
76,blue,Korhal,Zendikar‎‎
3,blue,Ravnica‎‎,Dominaria‎‎
100,white,Gaia,Mirrodin
29,blue,Ravnica‎‎,Dominaria‎‎
70,white,Gaia,Mirrodin
78,blue,Eos,Mirrodin
1,black,Aiur,Zendikar‎‎
14,black,Eos,Mirrodin
27,red,Korhal,Zendikar‎‎
71,black,Korhal,Zendikar‎‎
2,red,Kamigawa‎‎,Dominaria‎‎
67,white,Kamigawa‎‎,Dominaria‎‎
41,black,Kamigawa‎‎,Dominaria‎‎
40,red,Ravnica‎‎,Dominaria‎‎
84,black,Gaia,Mirrodin
31,red,Eos,Mirrodin
47,blue,Korhal,Zendikar‎‎
91,blue,Gaia,Mirrodin
45,red,Kamigawa‎‎,Dominaria‎‎
84,blue,Aiur,Zendikar‎‎
76,white,Kamigawa‎‎,Dominaria‎‎
51,blue,Gaia,Mirrodin
9,green,Korhal,Zendikar‎‎
20,black,Eos,Mirrodin
46,blue,Korhal,Zendikar‎‎
38,green,Eos,Mirrodin
19,white,Korhal,Zendikar‎‎
96,blue,Eos,Mirrodin
30,green,Kamigawa‎‎,Dominaria‎‎
1,black,Kamigawa‎‎,Dominaria‎‎
27,red,Aiur,Zendikar‎‎
95,green,Gaia,Mirrodin
50,black,Kamigawa‎‎,Dominaria‎‎
83,red,Korhal,Zendikar‎‎
66,red,Korhal,Zendikar‎‎
87,black,Ravnica‎‎,Dominaria‎‎
94,black,Ravnica‎‎,Dominaria‎‎
81,black,Gaia,Mirrodin
81,black,Kamigawa‎‎,Dominaria‎‎
3,blue,Aiur,Zendikar‎‎
27,green,Aiur,Zendikar‎‎
62,white,Korhal,Zendikar‎‎
36,red,Ravnica‎‎,Dominaria‎‎
51,black,Ravnica‎‎,Dominaria‎‎
60,white,Gaia,Mirrodin
66,blue,Eos,Mirrodin
73,red,Eos,Mirrodin
26,red,Aiur,Zendikar‎‎
89,red,Ravnica‎‎,Dominaria‎‎
32,red,Aiur,Zendikar‎‎
70,green,Korhal,Zendikar‎‎
59,white,Ravnica‎‎,Dominaria‎‎
21,white,Korhal,Zendikar‎‎
20,blue,Ravnica‎‎,Dominaria‎‎
18,blue,Ravnica‎‎,Dominaria‎‎
84,black,Korhal,Zendikar‎‎
1,red,Ravnica‎‎,Dominaria‎‎
36,blue,Aiur,Zendikar‎‎
23,green,Ravnica‎‎,Dominaria‎‎
96,red,Gaia,Mirrodin
84,black,Gaia,Mirrodin
13,red,Ravnica‎‎,Dominaria‎‎
24,blue,Korhal,Zendikar‎‎
29,white,Kamigawa‎‎,Dominaria‎‎
49,green,Gaia,Mirrodin
28,black,Eos,Mirrodin
100,white,Gaia,Mirrodin
83,red,Ravnica‎‎,Dominaria‎‎
99,green,Kamigawa‎‎,Dominaria‎‎
13,white,Gaia,Mirrodin
42,red,Gaia,Mirrodin
99,green,Kamigawa‎‎,Dominaria‎‎
38,green,Gaia,Mirrodin
9,green,Eos,Mirrodin
45,green,Ravnica‎‎,Dominaria‎‎
12,red,Eos,Mirrodin
50,blue,Aiur,Zendikar‎‎
72,blue,Gaia,Mirrodin
47,red,Aiur,Zendikar‎‎
76,black,Korhal,Zendikar‎‎
59,green,Eos,Mirrodin
68,green,Ravnica‎‎,Dominaria‎‎
8,green,Kamigawa‎‎,Dominaria‎‎
90,blue,Korhal,Zendikar‎‎
95,black,Kamigawa‎‎,Dominaria‎‎
79,red,Kamigawa‎‎,Dominaria‎‎
25,black,Eos,Mirrodin
2,black,Aiur,Zendikar‎‎
96,green,Aiur,Zendikar‎‎
97,white,Kamigawa‎‎,Dominaria‎‎
96,blue,Aiur,Zendikar‎‎
28,blue,Eos,Mirrodin
61,red,Aiur,Zendikar‎‎
3,blue,Ravnica‎‎,Dominaria‎‎
14,green,Aiur,Zendikar‎‎
28,blue,Ravnica‎‎,Dominaria‎‎
63,blue,Eos,Mirrodin
96,black,Gaia,Mirrodin
16,white,Kamigawa‎‎,Dominaria‎‎
4,white,Eos,Mirrodin
18,blue,Korhal,Zendikar‎‎
40,red,Korhal,Zendikar‎‎
18,white,Kamigawa‎‎,Dominaria‎‎
65,black,Eos,Mirrodin
67,black,Ravnica‎‎,Dominaria‎‎
92,blue,Eos,Mirrodin
76,black,Ravnica‎‎,Dominaria‎‎
41,black,Ravnica‎‎,Dominaria‎‎
55,white,Ravnica‎‎,Dominaria‎‎
6,white,Kamigawa‎‎,Dominaria‎‎
4,green,Kamigawa‎‎,Dominaria‎‎
44,green,Kamigawa‎‎,Dominaria‎‎
58,blue,Gaia,Mirrodin
98,blue,Eos,Mirrodin
20,black,Korhal,Zendikar‎‎
48,red,Ravnica‎‎,Dominaria‎‎
35,white,Ravnica‎‎,Dominaria‎‎
8,white,Aiur,Zendikar‎‎
85,white,Gaia,Mirrodin
1,white,Kamigawa‎‎,Dominaria‎‎
78,blue,Ravnica‎‎,Dominaria‎‎
74,white,Aiur,Zendikar‎‎
97,red,Eos,Mirrodin
37,red,Eos,Mirrodin
40,white,Eos,Mirrodin
57,green,Kamigawa‎‎,Dominaria‎‎
75,green,Korhal,Zendikar‎‎
68,red,Aiur,Zendikar‎‎
5,green,Kamigawa‎‎,Dominaria‎‎
60,black,Kamigawa‎‎,Dominaria‎‎
5,white,Aiur,Zendikar‎‎
82,black,Ravnica‎‎,Dominaria‎‎
72,blue,Ravnica‎‎,Dominaria‎‎
58,green,Korhal,Zendikar‎‎
97,white,Korhal,Zendikar‎‎
17,green,Aiur,Zendikar‎‎
64,red,Korhal,Zendikar‎‎
20,black,Aiur,Zendikar‎‎
53,green,Gaia,Mirrodin
12,green,Ravnica‎‎,Dominaria‎‎
65,blue,Eos,Mirrodin
59,white,Aiur,Zendikar‎‎
6,green,Kamigawa‎‎,Dominaria‎‎
16,white,Ravnica‎‎,Dominaria‎‎
23,white,Eos,Mirrodin
14,red,Eos,Mirrodin
11,green,Aiur,Zendikar‎‎
97,green,Gaia,Mirrodin
54,blue,Gaia,Mirrodin
42,red,Aiur,Zendikar‎‎
96,blue,Kamigawa‎‎,Dominaria‎‎
20,green,Aiur,Zendikar‎‎
26,green,Aiur,Zendikar‎‎
97,blue,Eos,Mirrodin
44,red,Eos,Mirrodin
97,blue,Gaia,Mirrodin
92,black,Aiur,Zendikar‎‎
90,black,Aiur,Zendikar‎‎
12,blue,Eos,Mirrodin
49,green,Gaia,Mirrodin
99,black,Aiur,Zendikar‎‎
76,blue,Gaia,Mirrodin
33,blue,Eos,Mirrodin
57,blue,Ravnica‎‎,Dominaria‎‎
18,green,Gaia,Mirrodin
63,red,Gaia,Mirrodin
84,green,Gaia,Mirrodin
70,white,Aiur,Zendikar‎‎
63,black,Eos,Mirrodin
14,black,Kamigawa‎‎,Dominaria‎‎
99,black,Aiur,Zendikar‎‎
14,green,Eos,Mirrodin
25,red,Kamigawa‎‎,Dominaria‎‎
68,white,Kamigawa‎‎,Dominaria‎‎
81,green,Kamigawa‎‎,Dominaria‎‎
99,black,Gaia,Mirrodin
62,white,Korhal,Zendikar‎‎
79,blue,Eos,Mirrodin
45,red,Aiur,Zendikar‎‎
81,white,Korhal,Zendikar‎‎
84,green,Gaia,Mirrodin
59,green,Ravnica‎‎,Dominaria‎‎
84,white,Gaia,Mirrodin
34,red,Korhal,Zendikar‎‎
17,black,Kamigawa‎‎,Dominaria‎‎
44,red,Aiur,Zendikar‎‎
36,green,Eos,Mirrodin
10,green,Gaia,Mirrodin
78,red,Kamigawa‎‎,Dominaria‎‎
67,green,Kamigawa‎‎,Dominaria‎‎
22,white,Korhal,Zendikar‎‎
28,red,Gaia,Mirrodin
11,red,Eos,Mirrodin
4,green,Korhal,Zendikar‎‎
76,white,Ravnica‎‎,Dominaria‎‎
27,blue,Eos,Mirrodin
80,red,Korhal,Zendikar‎‎
36,red,Aiur,Zendikar‎‎
46,black,Gaia,Mirrodin
15,green,Korhal,Zendikar‎‎
76,blue,Gaia,Mirrodin
67,red,Kamigawa‎‎,Dominaria‎‎
91,blue,Korhal,Zendikar‎‎
97,black,Eos,Mirrodin
6,green,Gaia,Mirrodin
59,white,Aiur,Zendikar‎‎
58,green,Korhal,Zendikar‎‎
43,red,Ravnica‎‎,Dominaria‎‎
55,green,Eos,Mirrodin
99,green,Ravnica‎‎,Dominaria‎‎
32,white,Eos,Mirrodin
40,white,Ravnica‎‎,Dominaria‎‎
54,blue,Kamigawa‎‎,Dominaria‎‎
81,white,Korhal,Zendikar‎‎
82,red,Korhal,Zendikar‎‎
5,green,Korhal,Zendikar‎‎
92,red,Gaia,Mirrodin
2,green,Gaia,Mirrodin
100,black,Ravnica‎‎,Dominaria‎‎
48,white,Kamigawa‎‎,Dominaria‎‎
76,green,Korhal,Zendikar‎‎
78,blue,Aiur,Zendikar‎‎
89,green,Kamigawa‎‎,Dominaria‎‎
71,white,Korhal,Zendikar‎‎
92,green,Korhal,Zendikar‎‎
12,green,Eos,Mirrodin
26,white,Gaia,Mirrodin
64,black,Korhal,Zendikar‎‎
12,red,Kamigawa‎‎,Dominaria‎‎
61,blue,Korhal,Zendikar‎‎
42,blue,Eos,Mirrodin
42,blue,Aiur,Zendikar‎‎
96,red,Ravnica‎‎,Dominaria‎‎
21,blue,Eos,Mirrodin
59,green,Kamigawa‎‎,Dominaria‎‎
67,red,Gaia,Mirrodin
98,green,Eos,Mirrodin
82,red,Ravnica‎‎,Dominaria‎‎
17,black,Ravnica‎‎,Dominaria‎‎
15,black,Eos,Mirrodin
44,green,Kamigawa‎‎,Dominaria‎‎
82,black,Korhal,Zendikar‎‎
10,blue,Kamigawa‎‎,Dominaria‎‎
3,white,Kamigawa‎‎,Dominaria‎‎
14,red,Ravnica‎‎,Dominaria‎‎
68,blue,Gaia,Mirrodin
56,green,Gaia,Mirrodin
58,black,Korhal,Zendikar‎‎
64,green,Korhal,Zendikar‎‎
75,red,Kamigawa‎‎,Dominaria‎‎
23,white,Gaia,Mirrodin
45,blue,Gaia,Mirrodin
32,black,Gaia,Mirrodin
15,blue,Kamigawa‎‎,Dominaria‎‎
14,blue,Ravnica‎‎,Dominaria‎‎
37,red,Gaia,Mirrodin
19,green,Ravnica‎‎,Dominaria‎‎
92,red,Ravnica‎‎,Dominaria‎‎
71,green,Gaia,Mirrodin
46,green,Eos,Mirrodin
10,black,Ravnica‎‎,Dominaria‎‎
37,blue,Eos,Mirrodin
49,red,Ravnica‎‎,Dominaria‎‎
34,green,Eos,Mirrodin
23,blue,Ravnica‎‎,Dominaria‎‎
29,white,Gaia,Mirrodin
30,green,Kamigawa‎‎,Dominaria‎‎
71,black,Kamigawa‎‎,Dominaria‎‎
31,red,Ravnica‎‎,Dominaria‎‎
58,green,Kamigawa‎‎,Dominaria‎‎
64,black,Korhal,Zendikar‎‎
12,white,Ravnica‎‎,Dominaria‎‎
40,blue,Korhal,Zendikar‎‎
28,red,Kamigawa‎‎,Dominaria‎‎
81,white,Korhal,Zendikar‎‎
18,green,Eos,Mirrodin
92,white,Ravnica‎‎,Dominaria‎‎
31,black,Korhal,Zendikar‎‎
60,white,Ravnica‎‎,Dominaria‎‎
92,red,Korhal,Zendikar‎‎
56,blue,Aiur,Zendikar‎‎
5,green,Kamigawa‎‎,Dominaria‎‎
41,red,Gaia,Mirrodin
72,red,Ravnica‎‎,Dominaria‎‎
22,green,Kamigawa‎‎,Dominaria‎‎
59,black,Ravnica‎‎,Dominaria‎‎
5,white,Korhal,Zendikar‎‎
93,red,Ravnica‎‎,Dominaria‎‎
41,green,Aiur,Zendikar‎‎
9,blue,Gaia,Mirrodin
46,black,Korhal,Zendikar‎‎
93,red,Aiur,Zendikar‎‎
83,blue,Ravnica‎‎,Dominaria‎‎
45,black,Gaia,Mirrodin
91,black,Korhal,Zendikar‎‎
19,blue,Korhal,Zendikar‎‎
24,blue,Ravnica‎‎,Dominaria‎‎
42,white,Gaia,Mirrodin
64,white,Aiur,Zendikar‎‎
97,green,Ravnica‎‎,Dominaria‎‎
14,blue,Kamigawa‎‎,Dominaria‎‎
20,black,Korhal,Zendikar‎‎
4,blue,Korhal,Zendikar‎‎
10,blue,Ravnica‎‎,Dominaria‎‎
9,black,Eos,Mirrodin
51,white,Korhal,Zendikar‎‎
66,green,Ravnica‎‎,Dominaria‎‎
70,black,Aiur,Zendikar‎‎
58,green,Ravnica‎‎,Dominaria‎‎
45,white,Aiur,Zendikar‎‎
81,white,Eos,Mirrodin
89,green,Ravnica‎‎,Dominaria‎‎
65,red,Gaia,Mirrodin
55,green,Kamigawa‎‎,Dominaria‎‎
20,green,Ravnica‎‎,Dominaria‎‎
96,red,Gaia,Mirrodin
92,white,Aiur,Zendikar‎‎
40,red,Aiur,Zendikar‎‎
10,red,Aiur,Zendikar‎‎
40,white,Aiur,Zendikar‎‎
43,green,Kamigawa‎‎,Dominaria‎‎
58,blue,Gaia,Mirrodin
67,white,Ravnica‎‎,Dominaria‎‎
88,white,Eos,Mirrodin
19,green,Korhal,Zendikar‎‎
97,blue,Aiur,Zendikar‎‎
69,green,Korhal,Zendikar‎‎
7,blue,Ravnica‎‎,Dominaria‎‎
68,black,Eos,Mirrodin
77,white,Gaia,Mirrodin
30,green,Korhal,Zendikar‎‎
77,blue,Aiur,Zendikar‎‎
58,red,Gaia,Mirrodin
54,red,Kamigawa‎‎,Dominaria‎‎
79,blue,Eos,Mirrodin
16,blue,Aiur,Zendikar‎‎
3,blue,Ravnica‎‎,Dominaria‎‎
63,green,Eos,Mirrodin
31,green,Eos,Mirrodin
5,red,Ravnica‎‎,Dominaria‎‎
77,green,Aiur,Zendikar‎‎
64,black,Korhal,Zendikar‎‎
6,white,Aiur,Zendikar‎‎
19,black,Korhal,Zendikar‎‎
12,red,Ravnica‎‎,Dominaria‎‎
88,blue,Ravnica‎‎,Dominaria‎‎
87,white,Ravnica‎‎,Dominaria‎‎
10,green,Gaia,Mirrodin
86,black,Eos,Mirrodin
98,blue,Kamigawa‎‎,Dominaria‎‎
13,green,Ravnica‎‎,Dominaria‎‎
14,white,Ravnica‎‎,Dominaria‎‎
41,blue,Gaia,Mirrodin
11,blue,Ravnica‎‎,Dominaria‎‎
7,blue,Eos,Mirrodin
4,red,Kamigawa‎‎,Dominaria‎‎
86,blue,Eos,Mirrodin
17,white,Ravnica‎‎,Dominaria‎‎
100,red,Korhal,Zendikar‎‎
40,green,Ravnica‎‎,Dominaria‎‎
66,white,Korhal,Zendikar‎‎
94,red,Aiur,Zendikar‎‎
89,red,Korhal,Zendikar‎‎
6,green,Eos,Mirrodin
91,black,Eos,Mirrodin
54,green,Kamigawa‎‎,Dominaria‎‎
36,blue,Gaia,Mirrodin
22,red,Kamigawa‎‎,Dominaria‎‎
51,blue,Ravnica‎‎,Dominaria‎‎
14,red,Kamigawa‎‎,Dominaria‎‎
73,green,Aiur,Zendikar‎‎
62,red,Ravnica‎‎,Dominaria‎‎
22,red,Kamigawa‎‎,Dominaria‎‎
23,black,Aiur,Zendikar‎‎
56,red,Ravnica‎‎,Dominaria‎‎
34,white,Ravnica‎‎,Dominaria‎‎
43,blue,Gaia,Mirrodin
76,red,Gaia,Mirrodin
20,white,Aiur,Zendikar‎‎
38,red,Aiur,Zendikar‎‎
74,white,Gaia,Mirrodin
5,white,Kamigawa‎‎,Dominaria‎‎
6,green,Ravnica‎‎,Dominaria‎‎
46,white,Ravnica‎‎,Dominaria‎‎
47,white,Eos,Mirrodin
82,black,Korhal,Zendikar‎‎
51,red,Kamigawa‎‎,Dominaria‎‎
25,green,Aiur,Zendikar‎‎
21,red,Aiur,Zendikar‎‎
91,blue,Ravnica‎‎,Dominaria‎‎
68,white,Aiur,Zendikar‎‎
13,blue,Gaia,Mirrodin
75,black,Aiur,Zendikar‎‎
22,red,Gaia,Mirrodin
97,green,Ravnica‎‎,Dominaria‎‎
99,green,Aiur,Zendikar‎‎
81,red,Ravnica‎‎,Dominaria‎‎
75,black,Gaia,Mirrodin
58,blue,Ravnica‎‎,Dominaria‎‎
57,green,Korhal,Zendikar‎‎
23,blue,Aiur,Zendikar‎‎
62,blue,Kamigawa‎‎,Dominaria‎‎
7,blue,Kamigawa‎‎,Dominaria‎‎
96,black,Eos,Mirrodin
7,white,Korhal,Zendikar‎‎
87,white,Eos,Mirrodin
61,green,Aiur,Zendikar‎‎
76,blue,Korhal,Zendikar‎‎
16,white,Eos,Mirrodin
32,red,Ravnica‎‎,Dominaria‎‎
98,green,Korhal,Zendikar‎‎
9,blue,Gaia,Mirrodin
7,red,Gaia,Mirrodin
53,white,Ravnica‎‎,Dominaria‎‎
37,green,Aiur,Zendikar‎‎
78,white,Gaia,Mirrodin
7,green,Aiur,Zendikar‎‎
17,blue,Ravnica‎‎,Dominaria‎‎
45,red,Kamigawa‎‎,Dominaria‎‎
75,black,Eos,Mirrodin
21,red,Eos,Mirrodin
4,white,Gaia,Mirrodin
16,blue,Korhal,Zendikar‎‎
76,white,Kamigawa‎‎,Dominaria‎‎
73,blue,Korhal,Zendikar‎‎
30,white,Ravnica‎‎,Dominaria‎‎
72,white,Kamigawa‎‎,Dominaria‎‎
31,blue,Aiur,Zendikar‎‎
29,black,Eos,Mirrodin
73,green,Gaia,Mirrodin
18,blue,Korhal,Zendikar‎‎
58,green,Aiur,Zendikar‎‎
85,blue,Aiur,Zendikar‎‎
48,red,Ravnica‎‎,Dominaria‎‎
49,red,Gaia,Mirrodin
28,red,Eos,Mirrodin
53,blue,Aiur,Zendikar‎‎
99,white,Gaia,Mirrodin
73,white,Ravnica‎‎,Dominaria‎‎
57,green,Korhal,Zendikar‎‎
54,blue,Korhal,Zendikar‎‎
66,blue,Eos,Mirrodin
99,black,Eos,Mirrodin
52,blue,Gaia,Mirrodin
15,blue,Ravnica‎‎,Dominaria‎‎
33,green,Korhal,Zendikar‎‎
66,black,Ravnica‎‎,Dominaria‎‎
88,white,Gaia,Mirrodin
77,blue,Eos,Mirrodin
96,green,Gaia,Mirrodin
44,red,Aiur,Zendikar‎‎
17,red,Eos,Mirrodin
40,green,Aiur,Zendikar‎‎
39,white,Aiur,Zendikar‎‎
86,white,Eos,Mirrodin
1,black,Eos,Mirrodin
35,green,Eos,Mirrodin
13,black,Ravnica‎‎,Dominaria‎‎
36,green,Gaia,Mirrodin
49,black,Aiur,Zendikar‎‎
73,green,Kamigawa‎‎,Dominaria‎‎
40,black,Eos,Mirrodin
9,red,Kamigawa‎‎,Dominaria‎‎
43,blue,Kamigawa‎‎,Dominaria‎‎
38,blue,Aiur,Zendikar‎‎
66,blue,Kamigawa‎‎,Dominaria‎‎
56,green,Eos,Mirrodin
55,blue,Gaia,Mirrodin
40,blue,Ravnica‎‎,Dominaria‎‎
88,black,Korhal,Zendikar‎‎
24,white,Gaia,Mirrodin
13,black,Kamigawa‎‎,Dominaria‎‎
97,white,Eos,Mirrodin
43,black,Gaia,Mirrodin
26,blue,Aiur,Zendikar‎‎
16,black,Gaia,Mirrodin
58,red,Ravnica‎‎,Dominaria‎‎
3,blue,Ravnica‎‎,Dominaria‎‎
99,black,Gaia,Mirrodin
72,red,Korhal,Zendikar‎‎
2,red,Ravnica‎‎,Dominaria‎‎
30,black,Gaia,Mirrodin
96,green,Korhal,Zendikar‎‎
19,black,Gaia,Mirrodin
54,blue,Ravnica‎‎,Dominaria‎‎
29,green,Kamigawa‎‎,Dominaria‎‎
3,black,Aiur,Zendikar‎‎
99,white,Korhal,Zendikar‎‎
32,green,Korhal,Zendikar‎‎
23,white,Ravnica‎‎,Dominaria‎‎
80,black,Ravnica‎‎,Dominaria‎‎
35,green,Kamigawa‎‎,Dominaria‎‎
53,red,Korhal,Zendikar‎‎
96,white,Kamigawa‎‎,Dominaria‎‎
69,green,Ravnica‎‎,Dominaria‎‎
46,black,Ravnica‎‎,Dominaria‎‎
90,red,Eos,Mirrodin
63,green,Ravnica‎‎,Dominaria‎‎
8,white,Korhal,Zendikar‎‎
66,black,Korhal,Zendikar‎‎
3,red,Gaia,Mirrodin
65,blue,Ravnica‎‎,Dominaria‎‎
85,green,Kamigawa‎‎,Dominaria‎‎
17,red,Ravnica‎‎,Dominaria‎‎
6,red,Gaia,Mirrodin
69,white,Kamigawa‎‎,Dominaria‎‎
52,black,Eos,Mirrodin
12,black,Gaia,Mirrodin
96,white,Korhal,Zendikar‎‎
12,green,Eos,Mirrodin
72,red,Korhal,Zendikar‎‎
85,red,Korhal,Zendikar‎‎
60,red,Ravnica‎‎,Dominaria‎‎
20,white,Ravnica‎‎,Dominaria‎‎
55,green,Ravnica‎‎,Dominaria‎‎
30,white,Gaia,Mirrodin
79,red,Kamigawa‎‎,Dominaria‎‎
99,black,Kamigawa‎‎,Dominaria‎‎
45,red,Eos,Mirrodin
82,white,Kamigawa‎‎,Dominaria‎‎
99,green,Eos,Mirrodin
50,red,Kamigawa‎‎,Dominaria‎‎
45,green,Korhal,Zendikar‎‎
95,red,Aiur,Zendikar‎‎
43,blue,Eos,Mirrodin
13,white,Eos,Mirrodin
64,black,Korhal,Zendikar‎‎
32,white,Gaia,Mirrodin
25,red,Korhal,Zendikar‎‎
11,green,Gaia,Mirrodin
97,green,Kamigawa‎‎,Dominaria‎‎
60,white,Korhal,Zendikar‎‎
79,red,Ravnica‎‎,Dominaria‎‎
7,black,Kamigawa‎‎,Dominaria‎‎
18,black,Korhal,Zendikar‎‎
71,green,Ravnica‎‎,Dominaria‎‎
95,white,Kamigawa‎‎,Dominaria‎‎
4,red,Aiur,Zendikar‎‎
95,black,Kamigawa‎‎,Dominaria‎‎
83,red,Kamigawa‎‎,Dominaria‎‎
19,green,Ravnica‎‎,Dominaria‎‎
99,green,Gaia,Mirrodin
2,green,Gaia,Mirrodin
34,white,Kamigawa‎‎,Dominaria‎‎
19,black,Kamigawa‎‎,Dominaria‎‎
38,black,Aiur,Zendikar‎‎
99,red,Ravnica‎‎,Dominaria‎‎
45,black,Korhal,Zendikar‎‎
32,blue,Ravnica‎‎,Dominaria‎‎
30,blue,Aiur,Zendikar‎‎
47,red,Kamigawa‎‎,Dominaria‎‎
33,red,Ravnica‎‎,Dominaria‎‎
9,white,Korhal,Zendikar‎‎
69,red,Eos,Mirrodin
12,black,Aiur,Zendikar‎‎
13,red,Ravnica‎‎,Dominaria‎‎
52,white,Ravnica‎‎,Dominaria‎‎
65,green,Kamigawa‎‎,Dominaria‎‎
19,black,Ravnica‎‎,Dominaria‎‎
11,white,Gaia,Mirrodin
46,green,Eos,Mirrodin
89,red,Eos,Mirrodin
39,white,Gaia,Mirrodin
47,red,Korhal,Zendikar‎‎
42,green,Gaia,Mirrodin
93,black,Kamigawa‎‎,Dominaria‎‎
81,blue,Aiur,Zendikar‎‎
98,green,Gaia,Mirrodin
100,red,Kamigawa‎‎,Dominaria‎‎
67,white,Gaia,Mirrodin
21,red,Gaia,Mirrodin
79,black,Kamigawa‎‎,Dominaria‎‎
66,white,Aiur,Zendikar‎‎
30,red,Aiur,Zendikar‎‎
35,black,Korhal,Zendikar‎‎
98,green,Ravnica‎‎,Dominaria‎‎
34,white,Eos,Mirrodin
29,blue,Kamigawa‎‎,Dominaria‎‎
61,white,Aiur,Zendikar‎‎
39,green,Kamigawa‎‎,Dominaria‎‎
65,green,Aiur,Zendikar‎‎
29,red,Eos,Mirrodin
58,blue,Aiur,Zendikar‎‎
57,red,Kamigawa‎‎,Dominaria‎‎
41,blue,Aiur,Zendikar‎‎
10,blue,Ravnica‎‎,Dominaria‎‎
97,red,Aiur,Zendikar‎‎
83,blue,Aiur,Zendikar‎‎
21,red,Eos,Mirrodin
97,black,Kamigawa‎‎,Dominaria‎‎
47,green,Gaia,Mirrodin
81,black,Ravnica‎‎,Dominaria‎‎
2,black,Eos,Mirrodin
84,red,Korhal,Zendikar‎‎
70,black,Eos,Mirrodin
54,black,Kamigawa‎‎,Dominaria‎‎
50,green,Korhal,Zendikar‎‎
96,red,Korhal,Zendikar‎‎
58,green,Aiur,Zendikar‎‎
74,green,Korhal,Zendikar‎‎
87,white,Eos,Mirrodin
15,black,Gaia,Mirrodin
79,red,Ravnica‎‎,Dominaria‎‎
8,red,Kamigawa‎‎,Dominaria‎‎
50,blue,Aiur,Zendikar‎‎
49,blue,Eos,Mirrodin
36,black,Ravnica‎‎,Dominaria‎‎
7,black,Kamigawa‎‎,Dominaria‎‎
50,red,Eos,Mirrodin
42,black,Ravnica‎‎,Dominaria‎‎
80,blue,Aiur,Zendikar‎‎
11,black,Ravnica‎‎,Dominaria‎‎
50,white,Gaia,Mirrodin
82,black,Korhal,Zendikar‎‎
58,green,Ravnica‎‎,Dominaria‎‎
62,red,Aiur,Zendikar‎‎
10,white,Aiur,Zendikar‎‎
24,red,Aiur,Zendikar‎‎
69,white,Korhal,Zendikar‎‎
38,red,Eos,Mirrodin
20,red,Gaia,Mirrodin
25,red,Eos,Mirrodin
2,white,Eos,Mirrodin
61,white,Kamigawa‎‎,Dominaria‎‎
38,black,Gaia,Mirrodin
64,blue,Gaia,Mirrodin
37,red,Aiur,Zendikar‎‎
81,blue,Gaia,Mirrodin
61,white,Eos,Mirrodin
8,blue,Korhal,Zendikar‎‎
67,green,Eos,Mirrodin
65,red,Ravnica‎‎,Dominaria‎‎
93,blue,Gaia,Mirrodin
20,red,Aiur,Zendikar‎‎
41,blue,Gaia,Mirrodin
89,black,Eos,Mirrodin
6,black,Gaia,Mirrodin
70,red,Korhal,Zendikar‎‎
95,blue,Korhal,Zendikar‎‎
25,black,Kamigawa‎‎,Dominaria‎‎
24,blue,Gaia,Mirrodin
3,blue,Aiur,Zendikar‎‎
29,red,Kamigawa‎‎,Dominaria‎‎
99,green,Eos,Mirrodin
56,green,Ravnica‎‎,Dominaria‎‎
23,black,Eos,Mirrodin
2,green,Korhal,Zendikar‎‎
87,blue,Korhal,Zendikar‎‎
78,black,Eos,Mirrodin
14,green,Ravnica‎‎,Dominaria‎‎
90,red,Aiur,Zendikar‎‎
27,green,Kamigawa‎‎,Dominaria‎‎
39,green,Ravnica‎‎,Dominaria‎‎
64,blue,Korhal,Zendikar‎‎
67,blue,Gaia,Mirrodin
75,red,Gaia,Mirrodin
57,white,Ravnica‎‎,Dominaria‎‎
100,white,Gaia,Mirrodin
86,white,Kamigawa‎‎,Dominaria‎‎
99,green,Korhal,Zendikar‎‎
2,green,Ravnica‎‎,Dominaria‎‎
1,white,Eos,Mirrodin
24,black,Gaia,Mirrodin
99,white,Korhal,Zendikar‎‎
47,red,Ravnica‎‎,Dominaria‎‎
85,green,Aiur,Zendikar‎‎
100,red,Gaia,Mirrodin
71,white,Kamigawa‎‎,Dominaria‎‎
19,red,Kamigawa‎‎,Dominaria‎‎
22,green,Eos,Mirrodin
18,red,Korhal,Zendikar‎‎
88,blue,Kamigawa‎‎,Dominaria‎‎
63,blue,Aiur,Zendikar‎‎
18,red,Aiur,Zendikar‎‎
7,blue,Eos,Mirrodin
67,white,Gaia,Mirrodin
37,green,Korhal,Zendikar‎‎
60,green,Aiur,Zendikar‎‎
97,green,Ravnica‎‎,Dominaria‎‎
31,red,Gaia,Mirrodin
57,black,Aiur,Zendikar‎‎
68,black,Kamigawa‎‎,Dominaria‎‎
11,white,Eos,Mirrodin
15,green,Aiur,Zendikar‎‎
78,red,Ravnica‎‎,Dominaria‎‎
70,white,Kamigawa‎‎,Dominaria‎‎
69,black,Aiur,Zendikar‎‎
79,black,Eos,Mirrodin
79,white,Kamigawa‎‎,Dominaria‎‎
33,green,Kamigawa‎‎,Dominaria‎‎
36,blue,Ravnica‎‎,Dominaria‎‎
76,black,Kamigawa‎‎,Dominaria‎‎
78,black,Ravnica‎‎,Dominaria‎‎
61,green,Korhal,Zendikar‎‎
38,blue,Aiur,Zendikar‎‎
88,white,Kamigawa‎‎,Dominaria‎‎
5,green,Eos,Mirrodin
76,white,Aiur,Zendikar‎‎
2,red,Ravnica‎‎,Dominaria‎‎
53,white,Ravnica‎‎,Dominaria‎‎
77,blue,Ravnica‎‎,Dominaria‎‎
28,green,Eos,Mirrodin
28,black,Eos,Mirrodin
36,green,Korhal,Zendikar‎‎
99,white,Aiur,Zendikar‎‎
100,black,Korhal,Zendikar‎‎
16,white,Ravnica‎‎,Dominaria‎‎
78,blue,Kamigawa‎‎,Dominaria‎‎
15,red,Korhal,Zendikar‎‎
23,blue,Korhal,Zendikar‎‎
33,blue,Ravnica‎‎,Dominaria‎‎
5,white,Gaia,Mirrodin
61,blue,Kamigawa‎‎,Dominaria‎‎
5,blue,Kamigawa‎‎,Dominaria‎‎
68,red,Kamigawa‎‎,Dominaria‎‎
94,blue,Aiur,Zendikar‎‎
71,blue,Korhal,Zendikar‎‎
26,red,Korhal,Zendikar‎‎
99,green,Eos,Mirrodin
48,red,Ravnica‎‎,Dominaria‎‎
92,black,Aiur,Zendikar‎‎
69,blue,Eos,Mirrodin
38,blue,Gaia,Mirrodin
8,blue,Gaia,Mirrodin
43,red,Aiur,Zendikar‎‎
92,white,Korhal,Zendikar‎‎
33,black,Korhal,Zendikar‎‎
50,green,Korhal,Zendikar‎‎
78,green,Ravnica‎‎,Dominaria‎‎
14,white,Eos,Mirrodin
80,black,Kamigawa‎‎,Dominaria‎‎
22,blue,Gaia,Mirrodin
93,black,Kamigawa‎‎,Dominaria‎‎
26,black,Ravnica‎‎,Dominaria‎‎
95,black,Ravnica‎‎,Dominaria‎‎
80,red,Korhal,Zendikar‎‎
59,red,Aiur,Zendikar‎‎
94,black,Ravnica‎‎,Dominaria‎‎
67,white,Aiur,Zendikar‎‎
50,blue,Korhal,Zendikar‎‎
82,blue,Gaia,Mirrodin
52,black,Ravnica‎‎,Dominaria‎‎
36,green,Aiur,Zendikar‎‎
72,red,Ravnica‎‎,Dominaria‎‎
91,green,Kamigawa‎‎,Dominaria‎‎
56,green,Kamigawa‎‎,Dominaria‎‎
53,white,Korhal,Zendikar‎‎
67,blue,Ravnica‎‎,Dominaria‎‎
31,white,Ravnica‎‎,Dominaria‎‎
99,white,Eos,Mirrodin
29,green,Aiur,Zendikar‎‎
38,green,Aiur,Zendikar‎‎
52,black,Eos,Mirrodin
73,blue,Eos,Mirrodin
60,blue,Eos,Mirrodin
13,red,Ravnica‎‎,Dominaria‎‎
79,red,Gaia,Mirrodin
43,red,Aiur,Zendikar‎‎
99,black,Korhal,Zendikar‎‎
44,black,Kamigawa‎‎,Dominaria‎‎
18,green,Ravnica‎‎,Dominaria‎‎
39,black,Aiur,Zendikar‎‎
76,white,Korhal,Zendikar‎‎
49,black,Gaia,Mirrodin
76,red,Eos,Mirrodin
41,red,Kamigawa‎‎,Dominaria‎‎
36,red,Korhal,Zendikar‎‎
72,black,Eos,Mirrodin
100,white,Ravnica‎‎,Dominaria‎‎
21,black,Gaia,Mirrodin
31,white,Eos,Mirrodin
19,red,Korhal,Zendikar‎‎
34,red,Aiur,Zendikar‎‎
21,black,Aiur,Zendikar‎‎
9,white,Kamigawa‎‎,Dominaria‎‎
23,black,Gaia,Mirrodin
49,green,Ravnica‎‎,Dominaria‎‎
9,blue,Ravnica‎‎,Dominaria‎‎
46,green,Korhal,Zendikar‎‎
6,green,Korhal,Zendikar‎‎
59,white,Aiur,Zendikar‎‎
75,green,Eos,Mirrodin
53,red,Eos,Mirrodin
70,red,Ravnica‎‎,Dominaria‎‎
50,black,Kamigawa‎‎,Dominaria‎‎
87,red,Gaia,Mirrodin
84,green,Aiur,Zendikar‎‎
13,red,Eos,Mirrodin
86,blue,Gaia,Mirrodin
18,black,Korhal,Zendikar‎‎
53,blue,Kamigawa‎‎,Dominaria‎‎
23,red,Ravnica‎‎,Dominaria‎‎
6,green,Gaia,Mirrodin
7,blue,Eos,Mirrodin
57,red,Aiur,Zendikar‎‎
72,red,Eos,Mirrodin
47,red,Eos,Mirrodin
48,black,Eos,Mirrodin
15,white,Aiur,Zendikar‎‎
32,red,Kamigawa‎‎,Dominaria‎‎
55,blue,Gaia,Mirrodin
7,white,Kamigawa‎‎,Dominaria‎‎
65,white,Gaia,Mirrodin
24,white,Kamigawa‎‎,Dominaria‎‎
9,black,Eos,Mirrodin
93,black,Eos,Mirrodin
98,black,Kamigawa‎‎,Dominaria‎‎
56,blue,Ravnica‎‎,Dominaria‎‎
24,blue,Ravnica‎‎,Dominaria‎‎
33,black,Korhal,Zendikar‎‎
60,blue,Aiur,Zendikar‎‎
78,white,Korhal,Zendikar‎‎
72,black,Aiur,Zendikar‎‎
64,green,Aiur,Zendikar‎‎
61,white,Ravnica‎‎,Dominaria‎‎
25,black,Eos,Mirrodin
37,white,Eos,Mirrodin
36,white,Gaia,Mirrodin
42,green,Ravnica‎‎,Dominaria‎‎
39,green,Gaia,Mirrodin
57,white,Korhal,Zendikar‎‎
83,white,Aiur,Zendikar‎‎
74,green,Korhal,Zendikar‎‎
1,red,Ravnica‎‎,Dominaria‎‎
67,red,Korhal,Zendikar‎‎
12,black,Gaia,Mirrodin
26,red,Kamigawa‎‎,Dominaria‎‎
54,black,Korhal,Zendikar‎‎
42,blue,Gaia,Mirrodin
18,blue,Aiur,Zendikar‎‎
37,black,Korhal,Zendikar‎‎
11,white,Gaia,Mirrodin
64,red,Eos,Mirrodin
92,blue,Aiur,Zendikar‎‎
47,green,Ravnica‎‎,Dominaria‎‎
37,black,Gaia,Mirrodin
56,black,Korhal,Zendikar‎‎
59,blue,Gaia,Mirrodin
26,black,Korhal,Zendikar‎‎
29,black,Korhal,Zendikar‎‎
27,green,Aiur,Zendikar‎‎
8,white,Kamigawa‎‎,Dominaria‎‎
42,white,Gaia,Mirrodin
19,green,Gaia,Mirrodin
80,green,Korhal,Zendikar‎‎
71,black,Kamigawa‎‎,Dominaria‎‎
55,green,Korhal,Zendikar‎‎
16,green,Ravnica‎‎,Dominaria‎‎
60,red,Aiur,Zendikar‎‎
36,black,Aiur,Zendikar‎‎
92,green,Gaia,Mirrodin
1,red,Eos,Mirrodin
58,green,Gaia,Mirrodin
29,green,Ravnica‎‎,Dominaria‎‎
84,green,Ravnica‎‎,Dominaria‎‎
84,black,Eos,Mirrodin
41,red,Aiur,Zendikar‎‎
20,blue,Eos,Mirrodin
44,black,Ravnica‎‎,Dominaria‎‎
54,green,Aiur,Zendikar‎‎
3,white,Kamigawa‎‎,Dominaria‎‎
47,white,Ravnica‎‎,Dominaria‎‎
54,green,Kamigawa‎‎,Dominaria‎‎
71,red,Eos,Mirrodin
21,blue,Gaia,Mirrodin
22,black,Gaia,Mirrodin
36,green,Ravnica‎‎,Dominaria‎‎
97,white,Eos,Mirrodin
13,blue,Eos,Mirrodin
27,blue,Ravnica‎‎,Dominaria‎‎
12,black,Gaia,Mirrodin
9,blue,Kamigawa‎‎,Dominaria‎‎
96,green,Gaia,Mirrodin
87,black,Aiur,Zendikar‎‎
34,black,Kamigawa‎‎,Dominaria‎‎
91,blue,Kamigawa‎‎,Dominaria‎‎
67,black,Kamigawa‎‎,Dominaria‎‎
35,black,Eos,Mirrodin
59,black,Aiur,Zendikar‎‎
81,black,Ravnica‎‎,Dominaria‎‎
92,blue,Kamigawa‎‎,Dominaria‎‎
63,red,Aiur,Zendikar‎‎
27,red,Gaia,Mirrodin
50,white,Gaia,Mirrodin
42,red,Gaia,Mirrodin
43,white,Aiur,Zendikar‎‎
18,blue,Korhal,Zendikar‎‎
78,green,Aiur,Zendikar‎‎
70,white,Ravnica‎‎,Dominaria‎‎
8,black,Eos,Mirrodin
63,white,Ravnica‎‎,Dominaria‎‎
62,red,Korhal,Zendikar‎‎
40,blue,Korhal,Zendikar‎‎
24,green,Eos,Mirrodin
50,white,Ravnica‎‎,Dominaria‎‎
21,red,Aiur,Zendikar‎‎
74,blue,Gaia,Mirrodin
44,white,Kamigawa‎‎,Dominaria‎‎
15,green,Korhal,Zendikar‎‎
41,blue,Korhal,Zendikar‎‎
18,red,Korhal,Zendikar‎‎
76,white,Aiur,Zendikar‎‎
37,black,Aiur,Zendikar‎‎
20,white,Eos,Mirrodin
4,blue,Korhal,Zendikar‎‎
43,black,Ravnica‎‎,Dominaria‎‎
12,red,Gaia,Mirrodin
99,green,Aiur,Zendikar‎‎
23,blue,Ravnica‎‎,Dominaria‎‎
38,red,Eos,Mirrodin
26,white,Eos,Mirrodin
97,blue,Aiur,Zendikar‎‎
77,blue,Eos,Mirrodin
88,blue,Gaia,Mirrodin
35,blue,Kamigawa‎‎,Dominaria‎‎
67,red,Kamigawa‎‎,Dominaria‎‎
93,green,Korhal,Zendikar‎‎
82,black,Gaia,Mirrodin
87,red,Ravnica‎‎,Dominaria‎‎
14,white,Korhal,Zendikar‎‎
59,blue,Aiur,Zendikar‎‎
95,red,Ravnica‎‎,Dominaria‎‎
17,green,Eos,Mirrodin
54,red,Gaia,Mirrodin
15,green,Kamigawa‎‎,Dominaria‎‎
81,red,Ravnica‎‎,Dominaria‎‎
18,blue,Aiur,Zendikar‎‎
86,white,Aiur,Zendikar‎‎
47,green,Aiur,Zendikar‎‎
97,white,Eos,Mirrodin
58,green,Gaia,Mirrodin
80,red,Kamigawa‎‎,Dominaria‎‎
26,green,Gaia,Mirrodin
33,green,Ravnica‎‎,Dominaria‎‎
16,red,Gaia,Mirrodin
96,black,Gaia,Mirrodin
59,black,Aiur,Zendikar‎‎
57,green,Eos,Mirrodin
50,green,Korhal,Zendikar‎‎
46,red,Kamigawa‎‎,Dominaria‎‎
89,white,Korhal,Zendikar‎‎
49,white,Ravnica‎‎,Dominaria‎‎
77,green,Kamigawa‎‎,Dominaria‎‎
81,green,Gaia,Mirrodin
71,green,Ravnica‎‎,Dominaria‎‎
7,red,Korhal,Zendikar‎‎
46,white,Aiur,Zendikar‎‎
43,red,Kamigawa‎‎,Dominaria‎‎
81,white,Eos,Mirrodin
97,white,Aiur,Zendikar‎‎
32,green,Ravnica‎‎,Dominaria‎‎
36,white,Aiur,Zendikar‎‎
3,blue,Eos,Mirrodin
92,white,Korhal,Zendikar‎‎
84,red,Ravnica‎‎,Dominaria‎‎
80,white,Gaia,Mirrodin
62,white,Aiur,Zendikar‎‎
54,red,Ravnica‎‎,Dominaria‎‎
92,black,Ravnica‎‎,Dominaria‎‎
73,white,Gaia,Mirrodin
37,green,Eos,Mirrodin
60,black,Aiur,Zendikar‎‎
50,green,Ravnica‎‎,Dominaria‎‎
55,blue,Eos,Mirrodin
15,green,Gaia,Mirrodin
85,black,Gaia,Mirrodin
52,black,Aiur,Zendikar‎‎
40,black,Gaia,Mirrodin
48,black,Aiur,Zendikar‎‎
43,red,Kamigawa‎‎,Dominaria‎‎
64,green,Gaia,Mirrodin
15,green,Ravnica‎‎,Dominaria‎‎
52,white,Kamigawa‎‎,Dominaria‎‎
92,green,Aiur,Zendikar‎‎
16,red,Aiur,Zendikar‎‎
21,blue,Aiur,Zendikar‎‎
50,black,Ravnica‎‎,Dominaria‎‎
96,red,Kamigawa‎‎,Dominaria‎‎
80,red,Gaia,Mirrodin
40,white,Korhal,Zendikar‎‎
21,white,Aiur,Zendikar‎‎
2,black,Kamigawa‎‎,Dominaria‎‎
37,green,Kamigawa‎‎,Dominaria‎‎
37,blue,Kamigawa‎‎,Dominaria‎‎
17,black,Kamigawa‎‎,Dominaria‎‎
91,white,Korhal,Zendikar‎‎
46,green,Aiur,Zendikar‎‎
28,blue,Gaia,Mirrodin
72,blue,Aiur,Zendikar‎‎
2,white,Gaia,Mirrodin
38,blue,Korhal,Zendikar‎‎
29,red,Aiur,Zendikar‎‎
83,green,Kamigawa‎‎,Dominaria‎‎
18,red,Korhal,Zendikar‎‎
30,blue,Eos,Mirrodin
23,red,Eos,Mirrodin
13,white,Gaia,Mirrodin
3,green,Korhal,Zendikar‎‎
70,blue,Kamigawa‎‎,Dominaria‎‎
50,black,Kamigawa‎‎,Dominaria‎‎
13,white,Gaia,Mirrodin
41,red,Aiur,Zendikar‎‎
30,blue,Kamigawa‎‎,Dominaria‎‎
59,blue,Gaia,Mirrodin
69,white,Eos,Mirrodin
22,black,Kamigawa‎‎,Dominaria‎‎
26,red,Gaia,Mirrodin
34,black,Gaia,Mirrodin
76,green,Kamigawa‎‎,Dominaria‎‎
84,green,Aiur,Zendikar‎‎
2,white,Aiur,Zendikar‎‎
22,blue,Ravnica‎‎,Dominaria‎‎
3,blue,Korhal,Zendikar‎‎
38,red,Korhal,Zendikar‎‎
97,blue,Gaia,Mirrodin
4,red,Ravnica‎‎,Dominaria‎‎
71,blue,Korhal,Zendikar‎‎
65,black,Kamigawa‎‎,Dominaria‎‎
9,green,Eos,Mirrodin
51,blue,Gaia,Mirrodin
63,blue,Eos,Mirrodin
39,white,Kamigawa‎‎,Dominaria‎‎
65,white,Ravnica‎‎,Dominaria‎‎
55,blue,Kamigawa‎‎,Dominaria‎‎
5,black,Eos,Mirrodin
61,blue,Gaia,Mirrodin
59,blue,Ravnica‎‎,Dominaria‎‎
24,red,Gaia,Mirrodin
62,black,Gaia,Mirrodin
54,green,Korhal,Zendikar‎‎
22,red,Aiur,Zendikar‎‎
17,white,Gaia,Mirrodin
95,white,Korhal,Zendikar‎‎
68,white,Kamigawa‎‎,Dominaria‎‎
73,red,Ravnica‎‎,Dominaria‎‎
58,black,Ravnica‎‎,Dominaria‎‎
69,green,Kamigawa‎‎,Dominaria‎‎
25,red,Ravnica‎‎,Dominaria‎‎
10,black,Ravnica‎‎,Dominaria‎‎
83,blue,Kamigawa‎‎,Dominaria‎‎
81,black,Gaia,Mirrodin
87,white,Gaia,Mirrodin
7,green,Korhal,Zendikar‎‎
23,green,Eos,Mirrodin
87,blue,Ravnica‎‎,Dominaria‎‎
91,black,Aiur,Zendikar‎‎
49,black,Kamigawa‎‎,Dominaria‎‎
76,green,Aiur,Zendikar‎‎
63,white,Aiur,Zendikar‎‎
30,blue,Ravnica‎‎,Dominaria‎‎
60,red,Aiur,Zendikar‎‎
31,red,Ravnica‎‎,Dominaria‎‎
44,black,Korhal,Zendikar‎‎
37,green,Aiur,Zendikar‎‎
4,white,Ravnica‎‎,Dominaria‎‎
1,green,Gaia,Mirrodin
100,green,Ravnica‎‎,Dominaria‎‎
27,black,Aiur,Zendikar‎‎
9,green,Kamigawa‎‎,Dominaria‎‎
50,red,Aiur,Zendikar‎‎
10,blue,Kamigawa‎‎,Dominaria‎‎
37,red,Gaia,Mirrodin
81,blue,Korhal,Zendikar‎‎
16,green,Gaia,Mirrodin
86,blue,Ravnica‎‎,Dominaria‎‎
70,black,Gaia,Mirrodin
93,white,Aiur,Zendikar‎‎
47,black,Kamigawa‎‎,Dominaria‎‎
55,red,Korhal,Zendikar‎‎
23,blue,Gaia,Mirrodin
90,red,Korhal,Zendikar‎‎
98,white,Gaia,Mirrodin
65,red,Korhal,Zendikar‎‎
46,red,Ravnica‎‎,Dominaria‎‎
39,white,Ravnica‎‎,Dominaria‎‎
34,blue,Aiur,Zendikar‎‎
88,red,Kamigawa‎‎,Dominaria‎‎
9,green,Aiur,Zendikar‎‎
84,red,Aiur,Zendikar‎‎
94,blue,Eos,Mirrodin
10,red,Gaia,Mirrodin
45,blue,Kamigawa‎‎,Dominaria‎‎
30,white,Ravnica‎‎,Dominaria‎‎
40,white,Aiur,Zendikar‎‎
82,green,Aiur,Zendikar‎‎
56,blue,Korhal,Zendikar‎‎
83,blue,Aiur,Zendikar‎‎
61,white,Eos,Mirrodin
78,green,Gaia,Mirrodin
69,black,Kamigawa‎‎,Dominaria‎‎
41,black,Gaia,Mirrodin
42,white,Aiur,Zendikar‎‎
62,red,Korhal,Zendikar‎‎
98,blue,Korhal,Zendikar‎‎
74,white,Gaia,Mirrodin
21,red,Gaia,Mirrodin
49,white,Korhal,Zendikar‎‎
15,green,Aiur,Zendikar‎‎
57,white,Kamigawa‎‎,Dominaria‎‎
37,white,Eos,Mirrodin
70,black,Kamigawa‎‎,Dominaria‎‎
64,black,Korhal,Zendikar‎‎
5,red,Korhal,Zendikar‎‎
97,red,Ravnica‎‎,Dominaria‎‎
1,red,Kamigawa‎‎,Dominaria‎‎
52,blue,Gaia,Mirrodin
41,white,Eos,Mirrodin
52,green,Kamigawa‎‎,Dominaria‎‎
30,green,Kamigawa‎‎,Dominaria‎‎
3,blue,Kamigawa‎‎,Dominaria‎‎
83,green,Ravnica‎‎,Dominaria‎‎
73,blue,Eos,Mirrodin
55,white,Korhal,Zendikar‎‎
32,white,Aiur,Zendikar‎‎
2,blue,Aiur,Zendikar‎‎
88,black,Korhal,Zendikar‎‎
10,white,Eos,Mirrodin
56,white,Aiur,Zendikar‎‎
69,blue,Kamigawa‎‎,Dominaria‎‎
53,green,Aiur,Zendikar‎‎
30,blue,Ravnica‎‎,Dominaria‎‎
21,black,Aiur,Zendikar‎‎
13,white,Kamigawa‎‎,Dominaria‎‎
82,white,Korhal,Zendikar‎‎
4,red,Gaia,Mirrodin
81,blue,Kamigawa‎‎,Dominaria‎‎
75,blue,Eos,Mirrodin
76,black,Korhal,Zendikar‎‎
7,blue,Ravnica‎‎,Dominaria‎‎
26,white,Aiur,Zendikar‎‎
32,black,Aiur,Zendikar‎‎
99,green,Korhal,Zendikar‎‎
48,blue,Kamigawa‎‎,Dominaria‎‎
61,black,Ravnica‎‎,Dominaria‎‎
48,green,Kamigawa‎‎,Dominaria‎‎
45,white,Ravnica‎‎,Dominaria‎‎
58,blue,Korhal,Zendikar‎‎
79,black,Aiur,Zendikar‎‎
49,white,Korhal,Zendikar‎‎
97,black,Korhal,Zendikar‎‎
70,red,Gaia,Mirrodin
13,blue,Aiur,Zendikar‎‎
29,black,Gaia,Mirrodin
27,red,Korhal,Zendikar‎‎
98,green,Gaia,Mirrodin
38,green,Gaia,Mirrodin
16,red,Ravnica‎‎,Dominaria‎‎
91,black,Aiur,Zendikar‎‎
28,black,Kamigawa‎‎,Dominaria‎‎
33,blue,Kamigawa‎‎,Dominaria‎‎
86,white,Kamigawa‎‎,Dominaria‎‎
23,white,Ravnica‎‎,Dominaria‎‎
63,red,Eos,Mirrodin
37,blue,Kamigawa‎‎,Dominaria‎‎
21,red,Gaia,Mirrodin
43,green,Eos,Mirrodin
76,green,Ravnica‎‎,Dominaria‎‎
80,black,Gaia,Mirrodin
51,green,Korhal,Zendikar‎‎
48,green,Eos,Mirrodin
51,black,Eos,Mirrodin
29,green,Gaia,Mirrodin
65,red,Aiur,Zendikar‎‎
81,black,Korhal,Zendikar‎‎
17,red,Kamigawa‎‎,Dominaria‎‎
64,green,Ravnica‎‎,Dominaria‎‎
37,white,Korhal,Zendikar‎‎
39,black,Kamigawa‎‎,Dominaria‎‎
63,black,Ravnica‎‎,Dominaria‎‎
34,white,Ravnica‎‎,Dominaria‎‎
58,red,Kamigawa‎‎,Dominaria‎‎
19,black,Kamigawa‎‎,Dominaria‎‎
58,black,Korhal,Zendikar‎‎
1,red,Gaia,Mirrodin
34,white,Kamigawa‎‎,Dominaria‎‎
59,blue,Kamigawa‎‎,Dominaria‎‎
19,green,Aiur,Zendikar‎‎
68,white,Kamigawa‎‎,Dominaria‎‎
56,white,Kamigawa‎‎,Dominaria‎‎
67,white,Gaia,Mirrodin
19,blue,Eos,Mirrodin
43,white,Gaia,Mirrodin
71,white,Korhal,Zendikar‎‎
3,green,Eos,Mirrodin
99,red,Ravnica‎‎,Dominaria‎‎
76,red,Gaia,Mirrodin
7,green,Eos,Mirrodin
66,black,Aiur,Zendikar‎‎
49,blue,Eos,Mirrodin
10,black,Aiur,Zendikar‎‎
41,red,Aiur,Zendikar‎‎
56,green,Korhal,Zendikar‎‎
33,red,Eos,Mirrodin
7,white,Gaia,Mirrodin
30,black,Gaia,Mirrodin
49,blue,Eos,Mirrodin
21,white,Aiur,Zendikar‎‎
60,blue,Gaia,Mirrodin
95,blue,Aiur,Zendikar‎‎
94,blue,Eos,Mirrodin
27,blue,Gaia,Mirrodin
76,green,Korhal,Zendikar‎‎
36,white,Kamigawa‎‎,Dominaria‎‎
78,green,Korhal,Zendikar‎‎
93,black,Korhal,Zendikar‎‎
68,red,Eos,Mirrodin
36,blue,Korhal,Zendikar‎‎
28,green,Korhal,Zendikar‎‎
26,green,Ravnica‎‎,Dominaria‎‎
43,red,Kamigawa‎‎,Dominaria‎‎
61,green,Korhal,Zendikar‎‎
96,green,Ravnica‎‎,Dominaria‎‎
46,black,Eos,Mirrodin
62,green,Gaia,Mirrodin
89,blue,Aiur,Zendikar‎‎
43,red,Ravnica‎‎,Dominaria‎‎
43,blue,Eos,Mirrodin
29,red,Eos,Mirrodin
45,blue,Korhal,Zendikar‎‎
65,red,Ravnica‎‎,Dominaria‎‎
92,black,Korhal,Zendikar‎‎
72,green,Aiur,Zendikar‎‎
76,red,Gaia,Mirrodin
15,blue,Ravnica‎‎,Dominaria‎‎
43,white,Eos,Mirrodin
2,red,Ravnica‎‎,Dominaria‎‎
81,green,Eos,Mirrodin
50,blue,Aiur,Zendikar‎‎
53,red,Aiur,Zendikar‎‎
88,green,Kamigawa‎‎,Dominaria‎‎
60,red,Ravnica‎‎,Dominaria‎‎
62,green,Korhal,Zendikar‎‎
45,green,Aiur,Zendikar‎‎
29,blue,Eos,Mirrodin
37,blue,Aiur,Zendikar‎‎
88,black,Ravnica‎‎,Dominaria‎‎
13,green,Kamigawa‎‎,Dominaria‎‎
55,white,Aiur,Zendikar‎‎
93,black,Aiur,Zendikar‎‎
42,red,Kamigawa‎‎,Dominaria‎‎
35,black,Aiur,Zendikar‎‎
50,black,Gaia,Mirrodin
94,black,Aiur,Zendikar‎‎
48,black,Aiur,Zendikar‎‎
65,blue,Eos,Mirrodin
10,blue,Aiur,Zendikar‎‎
7,white,Eos,Mirrodin
71,white,Eos,Mirrodin
77,blue,Korhal,Zendikar‎‎
6,white,Eos,Mirrodin
84,black,Ravnica‎‎,Dominaria‎‎
6,black,Korhal,Zendikar‎‎
28,white,Aiur,Zendikar‎‎
83,green,Kamigawa‎‎,Dominaria‎‎
36,blue,Kamigawa‎‎,Dominaria‎‎
55,red,Kamigawa‎‎,Dominaria‎‎
55,blue,Gaia,Mirrodin
62,white,Kamigawa‎‎,Dominaria‎‎
32,blue,Gaia,Mirrodin
44,black,Kamigawa‎‎,Dominaria‎‎
59,blue,Ravnica‎‎,Dominaria‎‎
86,green,Eos,Mirrodin
82,green,Kamigawa‎‎,Dominaria‎‎
74,black,Eos,Mirrodin
82,green,Korhal,Zendikar‎‎
46,blue,Aiur,Zendikar‎‎
93,red,Aiur,Zendikar‎‎
29,green,Eos,Mirrodin
40,black,Eos,Mirrodin
16,black,Korhal,Zendikar‎‎
57,green,Eos,Mirrodin
76,red,Ravnica‎‎,Dominaria‎‎
24,black,Ravnica‎‎,Dominaria‎‎
90,black,Ravnica‎‎,Dominaria‎‎
18,red,Kamigawa‎‎,Dominaria‎‎
18,blue,Eos,Mirrodin
45,blue,Gaia,Mirrodin
49,red,Korhal,Zendikar‎‎
11,red,Ravnica‎‎,Dominaria‎‎
65,white,Aiur,Zendikar‎‎
61,blue,Gaia,Mirrodin
91,white,Kamigawa‎‎,Dominaria‎‎
66,white,Gaia,Mirrodin
70,blue,Gaia,Mirrodin
19,green,Ravnica‎‎,Dominaria‎‎
68,black,Korhal,Zendikar‎‎
71,blue,Korhal,Zendikar‎‎
89,green,Eos,Mirrodin
30,white,Ravnica‎‎,Dominaria‎‎
20,white,Eos,Mirrodin
14,red,Gaia,Mirrodin
49,blue,Gaia,Mirrodin
33,blue,Eos,Mirrodin
4,white,Ravnica‎‎,Dominaria‎‎
97,blue,Kamigawa‎‎,Dominaria‎‎
66,black,Eos,Mirrodin
56,red,Eos,Mirrodin
85,black,Aiur,Zendikar‎‎
57,white,Ravnica‎‎,Dominaria‎‎
30,blue,Aiur,Zendikar‎‎
56,white,Gaia,Mirrodin
78,green,Kamigawa‎‎,Dominaria‎‎
60,green,Gaia,Mirrodin
2,black,Aiur,Zendikar‎‎
45,blue,Korhal,Zendikar‎‎
77,red,Gaia,Mirrodin
23,white,Korhal,Zendikar‎‎
24,blue,Kamigawa‎‎,Dominaria‎‎
42,green,Korhal,Zendikar‎‎
26,white,Gaia,Mirrodin
5,red,Gaia,Mirrodin
74,blue,Eos,Mirrodin
35,blue,Korhal,Zendikar‎‎
73,red,Korhal,Zendikar‎‎
73,white,Eos,Mirrodin
32,blue,Gaia,Mirrodin
57,black,Kamigawa‎‎,Dominaria‎‎
36,green,Aiur,Zendikar‎‎
4,green,Ravnica‎‎,Dominaria‎‎
69,white,Korhal,Zendikar‎‎
81,green,Kamigawa‎‎,Dominaria‎‎
91,black,Aiur,Zendikar‎‎
4,white,Gaia,Mirrodin
2,green,Gaia,Mirrodin
76,green,Aiur,Zendikar‎‎
8,green,Gaia,Mirrodin
6,black,Aiur,Zendikar‎‎
77,blue,Kamigawa‎‎,Dominaria‎‎
69,red,Kamigawa‎‎,Dominaria‎‎
68,black,Kamigawa‎‎,Dominaria‎‎
36,blue,Eos,Mirrodin
38,green,Aiur,Zendikar‎‎
32,black,Korhal,Zendikar‎‎
42,white,Aiur,Zendikar‎‎
68,red,Gaia,Mirrodin
42,green,Korhal,Zendikar‎‎
21,blue,Korhal,Zendikar‎‎
26,green,Korhal,Zendikar‎‎
49,white,Korhal,Zendikar‎‎
79,blue,Eos,Mirrodin
40,blue,Gaia,Mirrodin
73,blue,Ravnica‎‎,Dominaria‎‎
1,blue,Aiur,Zendikar‎‎
100,green,Kamigawa‎‎,Dominaria‎‎
65,black,Eos,Mirrodin
32,black,Korhal,Zendikar‎‎
94,black,Korhal,Zendikar‎‎
88,green,Korhal,Zendikar‎‎
65,white,Korhal,Zendikar‎‎
68,white,Gaia,Mirrodin
91,green,Ravnica‎‎,Dominaria‎‎
80,red,Kamigawa‎‎,Dominaria‎‎
85,blue,Ravnica‎‎,Dominaria‎‎
28,red,Ravnica‎‎,Dominaria‎‎
33,white,Ravnica‎‎,Dominaria‎‎
75,red,Eos,Mirrodin
65,blue,Ravnica‎‎,Dominaria‎‎
19,green,Aiur,Zendikar‎‎
59,blue,Aiur,Zendikar‎‎
66,green,Aiur,Zendikar‎‎
28,green,Eos,Mirrodin
57,blue,Aiur,Zendikar‎‎
92,blue,Ravnica‎‎,Dominaria‎‎
45,green,Ravnica‎‎,Dominaria‎‎
60,black,Eos,Mirrodin
18,black,Korhal,Zendikar‎‎
22,blue,Aiur,Zendikar‎‎
33,red,Aiur,Zendikar‎‎
51,green,Aiur,Zendikar‎‎
13,blue,Eos,Mirrodin
17,blue,Korhal,Zendikar‎‎
37,black,Gaia,Mirrodin
51,red,Eos,Mirrodin
25,blue,Aiur,Zendikar‎‎
98,red,Eos,Mirrodin
48,white,Aiur,Zendikar‎‎
3,green,Korhal,Zendikar‎‎
61,white,Kamigawa‎‎,Dominaria‎‎
69,green,Kamigawa‎‎,Dominaria‎‎
23,green,Kamigawa‎‎,Dominaria‎‎
72,red,Eos,Mirrodin
47,blue,Ravnica‎‎,Dominaria‎‎
91,white,Kamigawa‎‎,Dominaria‎‎
59,black,Kamigawa‎‎,Dominaria‎‎
93,white,Kamigawa‎‎,Dominaria‎‎
10,white,Ravnica‎‎,Dominaria‎‎
87,blue,Gaia,Mirrodin
70,black,Eos,Mirrodin
58,black,Gaia,Mirrodin
12,red,Eos,Mirrodin
60,white,Gaia,Mirrodin
60,blue,Eos,Mirrodin
75,white,Ravnica‎‎,Dominaria‎‎
84,black,Korhal,Zendikar‎‎
71,black,Aiur,Zendikar‎‎
92,red,Korhal,Zendikar‎‎
63,blue,Aiur,Zendikar‎‎
14,black,Ravnica‎‎,Dominaria‎‎
82,white,Korhal,Zendikar‎‎
50,black,Eos,Mirrodin
64,black,Eos,Mirrodin
51,blue,Eos,Mirrodin
34,red,Ravnica‎‎,Dominaria‎‎
26,red,Aiur,Zendikar‎‎
15,blue,Aiur,Zendikar‎‎
58,white,Eos,Mirrodin
68,red,Aiur,Zendikar‎‎
39,blue,Kamigawa‎‎,Dominaria‎‎
30,green,Ravnica‎‎,Dominaria‎‎
5,green,Aiur,Zendikar‎‎
3,white,Aiur,Zendikar‎‎
3,green,Korhal,Zendikar‎‎
61,white,Korhal,Zendikar‎‎
39,white,Aiur,Zendikar‎‎
44,red,Eos,Mirrodin
76,white,Gaia,Mirrodin
76,white,Eos,Mirrodin
47,white,Gaia,Mirrodin
52,white,Eos,Mirrodin
5,blue,Eos,Mirrodin
26,green,Korhal,Zendikar‎‎
34,white,Ravnica‎‎,Dominaria‎‎
50,white,Aiur,Zendikar‎‎
80,white,Gaia,Mirrodin
84,green,Korhal,Zendikar‎‎
86,black,Kamigawa‎‎,Dominaria‎‎
40,white,Aiur,Zendikar‎‎
12,black,Kamigawa‎‎,Dominaria‎‎
89,white,Korhal,Zendikar‎‎
14,green,Aiur,Zendikar‎‎
17,blue,Eos,Mirrodin
49,white,Kamigawa‎‎,Dominaria‎‎
82,green,Gaia,Mirrodin
36,green,Eos,Mirrodin
86,red,Ravnica‎‎,Dominaria‎‎
32,black,Gaia,Mirrodin
8,red,Ravnica‎‎,Dominaria‎‎
56,blue,Kamigawa‎‎,Dominaria‎‎
38,white,Gaia,Mirrodin
53,black,Korhal,Zendikar‎‎
93,blue,Gaia,Mirrodin
36,white,Korhal,Zendikar‎‎
98,white,Korhal,Zendikar‎‎
41,blue,Kamigawa‎‎,Dominaria‎‎
2,white,Ravnica‎‎,Dominaria‎‎
92,green,Korhal,Zendikar‎‎
58,green,Gaia,Mirrodin
83,blue,Eos,Mirrodin
52,black,Ravnica‎‎,Dominaria‎‎
91,white,Eos,Mirrodin
48,black,Gaia,Mirrodin
38,green,Ravnica‎‎,Dominaria‎‎
38,green,Ravnica‎‎,Dominaria‎‎
45,blue,Ravnica‎‎,Dominaria‎‎
80,red,Gaia,Mirrodin
22,red,Eos,Mirrodin
75,green,Ravnica‎‎,Dominaria‎‎
68,blue,Gaia,Mirrodin
17,red,Gaia,Mirrodin
22,blue,Eos,Mirrodin
95,blue,Korhal,Zendikar‎‎
1,green,Eos,Mirrodin
34,white,Gaia,Mirrodin
27,blue,Gaia,Mirrodin
5,black,Gaia,Mirrodin
67,blue,Eos,Mirrodin
89,blue,Korhal,Zendikar‎‎
38,blue,Ravnica‎‎,Dominaria‎‎
22,blue,Aiur,Zendikar‎‎
99,black,Gaia,Mirrodin
61,green,Korhal,Zendikar‎‎
14,black,Korhal,Zendikar‎‎
37,white,Aiur,Zendikar‎‎
20,green,Korhal,Zendikar‎‎
28,blue,Gaia,Mirrodin
91,white,Aiur,Zendikar‎‎
96,white,Ravnica‎‎,Dominaria‎‎
53,black,Gaia,Mirrodin
23,red,Korhal,Zendikar‎‎
28,red,Gaia,Mirrodin
64,white,Ravnica‎‎,Dominaria‎‎
97,black,Ravnica‎‎,Dominaria‎‎
65,black,Eos,Mirrodin
5,blue,Gaia,Mirrodin
80,red,Kamigawa‎‎,Dominaria‎‎
25,blue,Korhal,Zendikar‎‎
15,black,Kamigawa‎‎,Dominaria‎‎
3,black,Ravnica‎‎,Dominaria‎‎
100,blue,Korhal,Zendikar‎‎
92,green,Ravnica‎‎,Dominaria‎‎
44,blue,Eos,Mirrodin
88,red,Eos,Mirrodin
82,red,Korhal,Zendikar‎‎
49,blue,Kamigawa‎‎,Dominaria‎‎
3,blue,Korhal,Zendikar‎‎
33,white,Korhal,Zendikar‎‎
38,green,Eos,Mirrodin
52,red,Gaia,Mirrodin
46,blue,Eos,Mirrodin
24,red,Korhal,Zendikar‎‎
88,black,Kamigawa‎‎,Dominaria‎‎
53,blue,Kamigawa‎‎,Dominaria‎‎
14,blue,Gaia,Mirrodin
87,red,Ravnica‎‎,Dominaria‎‎
44,black,Korhal,Zendikar‎‎
92,red,Eos,Mirrodin
44,blue,Aiur,Zendikar‎‎
76,white,Eos,Mirrodin
70,black,Eos,Mirrodin
21,blue,Korhal,Zendikar‎‎
32,white,Korhal,Zendikar‎‎
24,blue,Korhal,Zendikar‎‎
81,blue,Kamigawa‎‎,Dominaria‎‎
5,white,Gaia,Mirrodin
3,black,Eos,Mirrodin
30,blue,Korhal,Zendikar‎‎
93,white,Eos,Mirrodin
69,white,Ravnica‎‎,Dominaria‎‎
14,green,Ravnica‎‎,Dominaria‎‎
75,blue,Ravnica‎‎,Dominaria‎‎
53,black,Aiur,Zendikar‎‎
95,green,Gaia,Mirrodin
17,green,Kamigawa‎‎,Dominaria‎‎
98,white,Eos,Mirrodin
73,green,Eos,Mirrodin
76,blue,Ravnica‎‎,Dominaria‎‎
95,blue,Eos,Mirrodin
14,white,Aiur,Zendikar‎‎
61,blue,Korhal,Zendikar‎‎
12,blue,Eos,Mirrodin
87,green,Korhal,Zendikar‎‎
93,white,Aiur,Zendikar‎‎
58,red,Aiur,Zendikar‎‎
79,white,Eos,Mirrodin
25,green,Kamigawa‎‎,Dominaria‎‎
80,white,Korhal,Zendikar‎‎
87,blue,Ravnica‎‎,Dominaria‎‎
73,green,Ravnica‎‎,Dominaria‎‎
72,red,Kamigawa‎‎,Dominaria‎‎
88,blue,Kamigawa‎‎,Dominaria‎‎
11,green,Korhal,Zendikar‎‎
73,red,Eos,Mirrodin
66,green,Korhal,Zendikar‎‎
43,white,Gaia,Mirrodin
49,green,Gaia,Mirrodin
31,green,Ravnica‎‎,Dominaria‎‎
97,white,Korhal,Zendikar‎‎
69,blue,Gaia,Mirrodin
25,blue,Aiur,Zendikar‎‎
2,blue,Gaia,Mirrodin
53,black,Ravnica‎‎,Dominaria‎‎
4,red,Ravnica‎‎,Dominaria‎‎
28,black,Gaia,Mirrodin
16,green,Gaia,Mirrodin
28,green,Korhal,Zendikar‎‎
1,green,Kamigawa‎‎,Dominaria‎‎
74,blue,Kamigawa‎‎,Dominaria‎‎
90,black,Korhal,Zendikar‎‎
54,green,Ravnica‎‎,Dominaria‎‎
7,green,Kamigawa‎‎,Dominaria‎‎
86,white,Kamigawa‎‎,Dominaria‎‎
57,blue,Korhal,Zendikar‎‎
80,blue,Ravnica‎‎,Dominaria‎‎
70,white,Eos,Mirrodin
59,green,Aiur,Zendikar‎‎
69,white,Gaia,Mirrodin
34,blue,Aiur,Zendikar‎‎
90,white,Korhal,Zendikar‎‎
29,green,Aiur,Zendikar‎‎
56,black,Eos,Mirrodin
92,blue,Aiur,Zendikar‎‎
89,black,Aiur,Zendikar‎‎
74,red,Aiur,Zendikar‎‎
6,red,Ravnica‎‎,Dominaria‎‎
68,red,Gaia,Mirrodin
51,blue,Aiur,Zendikar‎‎
75,red,Aiur,Zendikar‎‎
73,black,Korhal,Zendikar‎‎
78,white,Korhal,Zendikar‎‎
3,blue,Eos,Mirrodin
29,blue,Ravnica‎‎,Dominaria‎‎
88,black,Eos,Mirrodin
46,green,Eos,Mirrodin
14,white,Kamigawa‎‎,Dominaria‎‎
64,red,Eos,Mirrodin
38,red,Korhal,Zendikar‎‎
14,green,Korhal,Zendikar‎‎
4,blue,Eos,Mirrodin
8,red,Eos,Mirrodin
40,green,Ravnica‎‎,Dominaria‎‎
6,green,Eos,Mirrodin
73,blue,Ravnica‎‎,Dominaria‎‎
12,blue,Ravnica‎‎,Dominaria‎‎
27,blue,Gaia,Mirrodin
48,red,Gaia,Mirrodin
31,white,Korhal,Zendikar‎‎
61,red,Ravnica‎‎,Dominaria‎‎
53,black,Gaia,Mirrodin
14,blue,Aiur,Zendikar‎‎
12,white,Aiur,Zendikar‎‎
1,black,Ravnica‎‎,Dominaria‎‎
22,blue,Kamigawa‎‎,Dominaria‎‎
40,green,Aiur,Zendikar‎‎
34,green,Korhal,Zendikar‎‎
35,white,Aiur,Zendikar‎‎
98,blue,Gaia,Mirrodin
41,black,Korhal,Zendikar‎‎
13,green,Korhal,Zendikar‎‎
92,black,Kamigawa‎‎,Dominaria‎‎
73,red,Eos,Mirrodin
70,white,Aiur,Zendikar‎‎
50,white,Ravnica‎‎,Dominaria‎‎
4,black,Kamigawa‎‎,Dominaria‎‎
87,black,Gaia,Mirrodin
40,white,Kamigawa‎‎,Dominaria‎‎
8,blue,Eos,Mirrodin
15,black,Korhal,Zendikar‎‎
74,red,Kamigawa‎‎,Dominaria‎‎
83,red,Eos,Mirrodin
16,red,Aiur,Zendikar‎‎
31,white,Ravnica‎‎,Dominaria‎‎
13,red,Ravnica‎‎,Dominaria‎‎
97,blue,Gaia,Mirrodin
90,green,Kamigawa‎‎,Dominaria‎‎
26,red,Kamigawa‎‎,Dominaria‎‎
85,red,Aiur,Zendikar‎‎
81,black,Kamigawa‎‎,Dominaria‎‎
59,black,Ravnica‎‎,Dominaria‎‎
35,black,Aiur,Zendikar‎‎
8,white,Ravnica‎‎,Dominaria‎‎
9,green,Kamigawa‎‎,Dominaria‎‎
74,black,Eos,Mirrodin
55,white,Ravnica‎‎,Dominaria‎‎
68,red,Korhal,Zendikar‎‎
16,green,Aiur,Zendikar‎‎
27,green,Ravnica‎‎,Dominaria‎‎
9,green,Kamigawa‎‎,Dominaria‎‎
41,black,Eos,Mirrodin
60,black,Aiur,Zendikar‎‎
93,black,Kamigawa‎‎,Dominaria‎‎
16,blue,Eos,Mirrodin
25,white,Aiur,Zendikar‎‎
8,blue,Gaia,Mirrodin
44,blue,Eos,Mirrodin
32,white,Gaia,Mirrodin
54,red,Ravnica‎‎,Dominaria‎‎
87,green,Ravnica‎‎,Dominaria‎‎
62,white,Korhal,Zendikar‎‎
64,white,Eos,Mirrodin
67,blue,Ravnica‎‎,Dominaria‎‎
97,black,Ravnica‎‎,Dominaria‎‎
72,green,Korhal,Zendikar‎‎
57,white,Kamigawa‎‎,Dominaria‎‎
63,white,Ravnica‎‎,Dominaria‎‎
35,white,Eos,Mirrodin
81,white,Korhal,Zendikar‎‎
3,green,Ravnica‎‎,Dominaria‎‎
89,black,Eos,Mirrodin
81,green,Gaia,Mirrodin
5,blue,Gaia,Mirrodin
66,red,Gaia,Mirrodin
9,black,Korhal,Zendikar‎‎
79,white,Eos,Mirrodin
13,black,Gaia,Mirrodin
50,white,Ravnica‎‎,Dominaria‎‎
34,red,Gaia,Mirrodin
84,blue,Korhal,Zendikar‎‎
65,white,Gaia,Mirrodin
64,blue,Eos,Mirrodin
28,white,Kamigawa‎‎,Dominaria‎‎
25,black,Kamigawa‎‎,Dominaria‎‎
81,blue,Eos,Mirrodin
60,blue,Kamigawa‎‎,Dominaria‎‎
77,blue,Ravnica‎‎,Dominaria‎‎
89,blue,Korhal,Zendikar‎‎
59,black,Kamigawa‎‎,Dominaria‎‎
29,white,Aiur,Zendikar‎‎
17,red,Ravnica‎‎,Dominaria‎‎
72,black,Korhal,Zendikar‎‎
79,red,Kamigawa‎‎,Dominaria‎‎
5,green,Eos,Mirrodin
57,blue,Kamigawa‎‎,Dominaria‎‎
3,green,Gaia,Mirrodin
1,black,Aiur,Zendikar‎‎
94,green,Eos,Mirrodin
57,blue,Ravnica‎‎,Dominaria‎‎
70,red,Kamigawa‎‎,Dominaria‎‎
42,red,Gaia,Mirrodin
88,white,Kamigawa‎‎,Dominaria‎‎
43,blue,Aiur,Zendikar‎‎
93,green,Kamigawa‎‎,Dominaria‎‎
84,black,Aiur,Zendikar‎‎
91,black,Eos,Mirrodin
79,black,Gaia,Mirrodin
36,white,Eos,Mirrodin
49,green,Eos,Mirrodin
47,red,Eos,Mirrodin
75,white,Aiur,Zendikar‎‎
82,white,Kamigawa‎‎,Dominaria‎‎
75,black,Korhal,Zendikar‎‎
31,blue,Kamigawa‎‎,Dominaria‎‎
10,black,Korhal,Zendikar‎‎
50,red,Eos,Mirrodin
93,white,Kamigawa‎‎,Dominaria‎‎
92,green,Kamigawa‎‎,Dominaria‎‎
85,green,Aiur,Zendikar‎‎
97,blue,Ravnica‎‎,Dominaria‎‎
25,green,Aiur,Zendikar‎‎
67,green,Aiur,Zendikar‎‎
58,white,Kamigawa‎‎,Dominaria‎‎
33,green,Gaia,Mirrodin
6,blue,Eos,Mirrodin
59,blue,Korhal,Zendikar‎‎
81,red,Ravnica‎‎,Dominaria‎‎
25,green,Korhal,Zendikar‎‎
44,blue,Gaia,Mirrodin
3,green,Korhal,Zendikar‎‎
1,green,Aiur,Zendikar‎‎
73,black,Ravnica‎‎,Dominaria‎‎
74,red,Aiur,Zendikar‎‎
12,red,Kamigawa‎‎,Dominaria‎‎
70,blue,Korhal,Zendikar‎‎
67,white,Korhal,Zendikar‎‎
26,red,Gaia,Mirrodin
85,black,Eos,Mirrodin
17,black,Gaia,Mirrodin
29,green,Eos,Mirrodin
4,white,Kamigawa‎‎,Dominaria‎‎
33,white,Aiur,Zendikar‎‎
41,blue,Korhal,Zendikar‎‎
71,blue,Aiur,Zendikar‎‎
50,blue,Gaia,Mirrodin
66,green,Kamigawa‎‎,Dominaria‎‎
39,red,Kamigawa‎‎,Dominaria‎‎
92,red,Korhal,Zendikar‎‎
77,green,Ravnica‎‎,Dominaria‎‎
89,black,Gaia,Mirrodin
35,blue,Korhal,Zendikar‎‎
78,white,Eos,Mirrodin
60,red,Korhal,Zendikar‎‎
91,black,Kamigawa‎‎,Dominaria‎‎
83,blue,Ravnica‎‎,Dominaria‎‎
28,black,Gaia,Mirrodin
56,black,Kamigawa‎‎,Dominaria‎‎
23,green,Kamigawa‎‎,Dominaria‎‎
92,black,Korhal,Zendikar‎‎
52,white,Aiur,Zendikar‎‎
21,blue,Gaia,Mirrodin
33,white,Kamigawa‎‎,Dominaria‎‎
12,green,Gaia,Mirrodin
91,black,Eos,Mirrodin
11,red,Korhal,Zendikar‎‎
65,white,Gaia,Mirrodin
96,red,Eos,Mirrodin
25,black,Gaia,Mirrodin
26,blue,Aiur,Zendikar‎‎
74,green,Ravnica‎‎,Dominaria‎‎
95,green,Korhal,Zendikar‎‎
29,green,Aiur,Zendikar‎‎
22,white,Aiur,Zendikar‎‎
6,green,Aiur,Zendikar‎‎
89,white,Korhal,Zendikar‎‎
50,blue,Korhal,Zendikar‎‎
65,green,Kamigawa‎‎,Dominaria‎‎
1,red,Korhal,Zendikar‎‎
58,blue,Kamigawa‎‎,Dominaria‎‎
85,white,Kamigawa‎‎,Dominaria‎‎
46,red,Korhal,Zendikar‎‎
12,red,Korhal,Zendikar‎‎
57,white,Ravnica‎‎,Dominaria‎‎
30,white,Ravnica‎‎,Dominaria‎‎
31,black,Aiur,Zendikar‎‎
19,green,Eos,Mirrodin
75,blue,Ravnica‎‎,Dominaria‎‎
79,white,Gaia,Mirrodin
18,blue,Ravnica‎‎,Dominaria‎‎
75,green,Korhal,Zendikar‎‎
82,red,Gaia,Mirrodin
95,blue,Eos,Mirrodin
4,black,Kamigawa‎‎,Dominaria‎‎
23,green,Aiur,Zendikar‎‎
56,red,Kamigawa‎‎,Dominaria‎‎
34,blue,Kamigawa‎‎,Dominaria‎‎
64,black,Kamigawa‎‎,Dominaria‎‎
99,white,Gaia,Mirrodin
89,white,Aiur,Zendikar‎‎
79,green,Eos,Mirrodin
38,blue,Ravnica‎‎,Dominaria‎‎
16,green,Kamigawa‎‎,Dominaria‎‎
27,red,Ravnica‎‎,Dominaria‎‎
87,white,Ravnica‎‎,Dominaria‎‎
87,red,Kamigawa‎‎,Dominaria‎‎
20,blue,Aiur,Zendikar‎‎
54,blue,Ravnica‎‎,Dominaria‎‎
45,black,Gaia,Mirrodin
44,green,Gaia,Mirrodin
1,green,Ravnica‎‎,Dominaria‎‎
52,blue,Eos,Mirrodin
66,black,Kamigawa‎‎,Dominaria‎‎
27,black,Kamigawa‎‎,Dominaria‎‎
40,black,Eos,Mirrodin
73,blue,Eos,Mirrodin
40,white,Ravnica‎‎,Dominaria‎‎
1,black,Ravnica‎‎,Dominaria‎‎
94,blue,Kamigawa‎‎,Dominaria‎‎
87,red,Kamigawa‎‎,Dominaria‎‎
18,blue,Korhal,Zendikar‎‎
11,red,Ravnica‎‎,Dominaria‎‎
55,black,Aiur,Zendikar‎‎
90,blue,Eos,Mirrodin
41,blue,Kamigawa‎‎,Dominaria‎‎
10,green,Aiur,Zendikar‎‎
4,red,Eos,Mirrodin
32,green,Korhal,Zendikar‎‎
53,blue,Kamigawa‎‎,Dominaria‎‎
44,white,Gaia,Mirrodin
96,white,Ravnica‎‎,Dominaria‎‎
53,green,Korhal,Zendikar‎‎
15,black,Eos,Mirrodin
9,black,Eos,Mirrodin
2,red,Gaia,Mirrodin
93,blue,Ravnica‎‎,Dominaria‎‎
50,white,Korhal,Zendikar‎‎
20,red,Gaia,Mirrodin
99,blue,Ravnica‎‎,Dominaria‎‎
79,red,Eos,Mirrodin
40,blue,Kamigawa‎‎,Dominaria‎‎
34,green,Eos,Mirrodin
73,black,Ravnica‎‎,Dominaria‎‎
40,red,Gaia,Mirrodin
37,black,Kamigawa‎‎,Dominaria‎‎
64,blue,Korhal,Zendikar‎‎
45,red,Ravnica‎‎,Dominaria‎‎
56,green,Ravnica‎‎,Dominaria‎‎
77,blue,Eos,Mirrodin
97,black,Aiur,Zendikar‎‎
42,white,Kamigawa‎‎,Dominaria‎‎
14,black,Eos,Mirrodin
42,green,Gaia,Mirrodin
30,white,Ravnica‎‎,Dominaria‎‎
72,black,Eos,Mirrodin
16,green,Ravnica‎‎,Dominaria‎‎
29,white,Eos,Mirrodin
53,black,Aiur,Zendikar‎‎
28,red,Kamigawa‎‎,Dominaria‎‎
44,white,Eos,Mirrodin
60,blue,Aiur,Zendikar‎‎
54,white,Ravnica‎‎,Dominaria‎‎
87,green,Ravnica‎‎,Dominaria‎‎
10,green,Eos,Mirrodin
84,green,Eos,Mirrodin
56,green,Aiur,Zendikar‎‎
16,green,Eos,Mirrodin
49,black,Korhal,Zendikar‎‎
3,green,Eos,Mirrodin
81,blue,Eos,Mirrodin
48,white,Kamigawa‎‎,Dominaria‎‎
60,white,Eos,Mirrodin
80,white,Korhal,Zendikar‎‎
65,black,Aiur,Zendikar‎‎
16,green,Aiur,Zendikar‎‎
31,green,Aiur,Zendikar‎‎
96,red,Eos,Mirrodin
4,white,Korhal,Zendikar‎‎
88,blue,Eos,Mirrodin
87,black,Eos,Mirrodin
28,blue,Eos,Mirrodin
11,black,Aiur,Zendikar‎‎
5,black,Korhal,Zendikar‎‎
59,blue,Gaia,Mirrodin
10,black,Ravnica‎‎,Dominaria‎‎
57,white,Kamigawa‎‎,Dominaria‎‎
50,black,Gaia,Mirrodin
33,green,Aiur,Zendikar‎‎
68,white,Korhal,Zendikar‎‎
27,blue,Ravnica‎‎,Dominaria‎‎
65,white,Aiur,Zendikar‎‎
9,green,Korhal,Zendikar‎‎
36,green,Aiur,Zendikar‎‎
34,black,Ravnica‎‎,Dominaria‎‎
46,green,Eos,Mirrodin
3,black,Eos,Mirrodin
19,white,Korhal,Zendikar‎‎
42,red,Korhal,Zendikar‎‎
6,green,Aiur,Zendikar‎‎
69,red,Korhal,Zendikar‎‎
54,blue,Kamigawa‎‎,Dominaria‎‎
9,green,Kamigawa‎‎,Dominaria‎‎
5,red,Ravnica‎‎,Dominaria‎‎
87,blue,Eos,Mirrodin
2,red,Gaia,Mirrodin
2,white,Korhal,Zendikar‎‎
17,white,Kamigawa‎‎,Dominaria‎‎
23,red,Aiur,Zendikar‎‎
63,green,Aiur,Zendikar‎‎
38,blue,Ravnica‎‎,Dominaria‎‎
92,white,Ravnica‎‎,Dominaria‎‎
12,black,Ravnica‎‎,Dominaria‎‎
19,blue,Korhal,Zendikar‎‎
32,white,Ravnica‎‎,Dominaria‎‎
25,white,Korhal,Zendikar‎‎
10,black,Korhal,Zendikar‎‎
34,red,Ravnica‎‎,Dominaria‎‎
18,red,Ravnica‎‎,Dominaria‎‎
61,green,Ravnica‎‎,Dominaria‎‎
29,blue,Kamigawa‎‎,Dominaria‎‎
13,blue,Ravnica‎‎,Dominaria‎‎
99,white,Eos,Mirrodin
6,blue,Gaia,Mirrodin
53,green,Aiur,Zendikar‎‎
27,red,Kamigawa‎‎,Dominaria‎‎
87,blue,Korhal,Zendikar‎‎
18,red,Ravnica‎‎,Dominaria‎‎
80,black,Ravnica‎‎,Dominaria‎‎
38,blue,Aiur,Zendikar‎‎
44,blue,Aiur,Zendikar‎‎
18,black,Gaia,Mirrodin
65,blue,Kamigawa‎‎,Dominaria‎‎
30,white,Ravnica‎‎,Dominaria‎‎
62,blue,Korhal,Zendikar‎‎
42,white,Korhal,Zendikar‎‎
33,red,Kamigawa‎‎,Dominaria‎‎
20,white,Korhal,Zendikar‎‎
78,blue,Korhal,Zendikar‎‎
50,blue,Aiur,Zendikar‎‎
29,green,Aiur,Zendikar‎‎
85,blue,Aiur,Zendikar‎‎
23,blue,Kamigawa‎‎,Dominaria‎‎
100,red,Aiur,Zendikar‎‎
63,black,Eos,Mirrodin
19,blue,Gaia,Mirrodin
24,blue,Kamigawa‎‎,Dominaria‎‎
39,green,Aiur,Zendikar‎‎
50,red,Aiur,Zendikar‎‎
78,white,Gaia,Mirrodin
73,red,Korhal,Zendikar‎‎
57,white,Eos,Mirrodin
11,white,Korhal,Zendikar‎‎
40,black,Gaia,Mirrodin
73,blue,Gaia,Mirrodin
78,red,Ravnica‎‎,Dominaria‎‎
30,green,Gaia,Mirrodin
59,white,Aiur,Zendikar‎‎
76,green,Eos,Mirrodin
62,green,Gaia,Mirrodin
54,black,Kamigawa‎‎,Dominaria‎‎
21,red,Kamigawa‎‎,Dominaria‎‎
61,red,Korhal,Zendikar‎‎
83,blue,Korhal,Zendikar‎‎
24,white,Aiur,Zendikar‎‎
80,blue,Aiur,Zendikar‎‎
7,green,Kamigawa‎‎,Dominaria‎‎
60,green,Gaia,Mirrodin
66,red,Gaia,Mirrodin
97,white,Gaia,Mirrodin
91,white,Ravnica‎‎,Dominaria‎‎
69,red,Eos,Mirrodin
63,red,Gaia,Mirrodin
8,green,Ravnica‎‎,Dominaria‎‎
60,blue,Aiur,Zendikar‎‎
86,green,Kamigawa‎‎,Dominaria‎‎
48,red,Aiur,Zendikar‎‎
14,white,Ravnica‎‎,Dominaria‎‎
9,red,Ravnica‎‎,Dominaria‎‎
26,black,Ravnica‎‎,Dominaria‎‎
45,blue,Eos,Mirrodin
93,white,Gaia,Mirrodin
23,green,Gaia,Mirrodin
47,white,Aiur,Zendikar‎‎
36,red,Gaia,Mirrodin
43,blue,Kamigawa‎‎,Dominaria‎‎
43,black,Aiur,Zendikar‎‎
20,blue,Kamigawa‎‎,Dominaria‎‎
46,white,Korhal,Zendikar‎‎
51,blue,Ravnica‎‎,Dominaria‎‎
9,white,Kamigawa‎‎,Dominaria‎‎
89,black,Ravnica‎‎,Dominaria‎‎
57,white,Aiur,Zendikar‎‎
69,red,Korhal,Zendikar‎‎
62,black,Eos,Mirrodin
7,green,Kamigawa‎‎,Dominaria‎‎
12,green,Eos,Mirrodin
74,red,Korhal,Zendikar‎‎
93,black,Gaia,Mirrodin
74,green,Gaia,Mirrodin
67,red,Kamigawa‎‎,Dominaria‎‎
18,red,Kamigawa‎‎,Dominaria‎‎
78,black,Ravnica‎‎,Dominaria‎‎
19,red,Gaia,Mirrodin
47,white,Gaia,Mirrodin
15,white,Ravnica‎‎,Dominaria‎‎
39,red,Gaia,Mirrodin
35,white,Aiur,Zendikar‎‎
34,blue,Ravnica‎‎,Dominaria‎‎
64,white,Gaia,Mirrodin
14,red,Eos,Mirrodin
65,blue,Eos,Mirrodin
82,green,Kamigawa‎‎,Dominaria‎‎
11,green,Gaia,Mirrodin
40,black,Gaia,Mirrodin
59,white,Eos,Mirrodin
70,white,Ravnica‎‎,Dominaria‎‎
92,red,Kamigawa‎‎,Dominaria‎‎
62,green,Ravnica‎‎,Dominaria‎‎
96,red,Aiur,Zendikar‎‎
41,blue,Aiur,Zendikar‎‎
6,black,Eos,Mirrodin
78,green,Aiur,Zendikar‎‎
34,green,Aiur,Zendikar‎‎
18,red,Aiur,Zendikar‎‎
89,white,Kamigawa‎‎,Dominaria‎‎
42,green,Ravnica‎‎,Dominaria‎‎
23,black,Ravnica‎‎,Dominaria‎‎
56,black,Aiur,Zendikar‎‎
94,white,Korhal,Zendikar‎‎
14,red,Korhal,Zendikar‎‎
13,white,Korhal,Zendikar‎‎
53,black,Korhal,Zendikar‎‎
46,black,Eos,Mirrodin
86,white,Ravnica‎‎,Dominaria‎‎
25,red,Aiur,Zendikar‎‎
66,blue,Korhal,Zendikar‎‎
54,white,Ravnica‎‎,Dominaria‎‎
31,white,Eos,Mirrodin
88,red,Kamigawa‎‎,Dominaria‎‎
86,blue,Gaia,Mirrodin
68,green,Ravnica‎‎,Dominaria‎‎
18,red,Gaia,Mirrodin
92,black,Korhal,Zendikar‎‎
77,red,Korhal,Zendikar‎‎
47,green,Gaia,Mirrodin
32,blue,Gaia,Mirrodin
72,green,Kamigawa‎‎,Dominaria‎‎
52,blue,Eos,Mirrodin
33,green,Eos,Mirrodin
25,red,Eos,Mirrodin
57,green,Korhal,Zendikar‎‎
37,blue,Kamigawa‎‎,Dominaria‎‎
85,black,Kamigawa‎‎,Dominaria‎‎
2,white,Aiur,Zendikar‎‎
79,black,Ravnica‎‎,Dominaria‎‎
31,green,Aiur,Zendikar‎‎
81,blue,Eos,Mirrodin
10,blue,Korhal,Zendikar‎‎
58,red,Kamigawa‎‎,Dominaria‎‎
82,green,Kamigawa‎‎,Dominaria‎‎
100,black,Gaia,Mirrodin
11,black,Gaia,Mirrodin
32,white,Ravnica‎‎,Dominaria‎‎
47,green,Eos,Mirrodin
44,blue,Korhal,Zendikar‎‎
60,green,Aiur,Zendikar‎‎
36,green,Aiur,Zendikar‎‎
91,black,Korhal,Zendikar‎‎
10,white,Gaia,Mirrodin
91,green,Korhal,Zendikar‎‎
80,white,Aiur,Zendikar‎‎
5,red,Gaia,Mirrodin
52,black,Eos,Mirrodin
90,blue,Aiur,Zendikar‎‎
16,white,Eos,Mirrodin
72,red,Aiur,Zendikar‎‎
88,red,Gaia,Mirrodin
45,white,Ravnica‎‎,Dominaria‎‎
8,red,Kamigawa‎‎,Dominaria‎‎
74,blue,Kamigawa‎‎,Dominaria‎‎
43,green,Korhal,Zendikar‎‎
45,blue,Kamigawa‎‎,Dominaria‎‎
95,white,Gaia,Mirrodin
8,black,Gaia,Mirrodin
99,white,Korhal,Zendikar‎‎
95,white,Ravnica‎‎,Dominaria‎‎
70,white,Kamigawa‎‎,Dominaria‎‎
76,blue,Aiur,Zendikar‎‎
16,green,Gaia,Mirrodin
85,black,Eos,Mirrodin
16,red,Kamigawa‎‎,Dominaria‎‎
13,green,Ravnica‎‎,Dominaria‎‎
73,blue,Eos,Mirrodin
77,white,Eos,Mirrodin
16,black,Eos,Mirrodin
51,black,Kamigawa‎‎,Dominaria‎‎
14,green,Eos,Mirrodin
70,white,Korhal,Zendikar‎‎
58,green,Aiur,Zendikar‎‎
11,red,Ravnica‎‎,Dominaria‎‎
39,white,Kamigawa‎‎,Dominaria‎‎
36,black,Korhal,Zendikar‎‎
71,red,Aiur,Zendikar‎‎
5,red,Kamigawa‎‎,Dominaria‎‎
51,red,Kamigawa‎‎,Dominaria‎‎
15,black,Ravnica‎‎,Dominaria‎‎
84,black,Ravnica‎‎,Dominaria‎‎
8,green,Eos,Mirrodin
65,blue,Gaia,Mirrodin
4,black,Eos,Mirrodin
42,green,Kamigawa‎‎,Dominaria‎‎
86,white,Eos,Mirrodin
59,green,Ravnica‎‎,Dominaria‎‎
59,red,Ravnica‎‎,Dominaria‎‎
47,black,Kamigawa‎‎,Dominaria‎‎
85,black,Ravnica‎‎,Dominaria‎‎
58,green,Ravnica‎‎,Dominaria‎‎
35,blue,Eos,Mirrodin
99,green,Kamigawa‎‎,Dominaria‎‎
4,black,Gaia,Mirrodin
27,white,Korhal,Zendikar‎‎
15,black,Korhal,Zendikar‎‎
30,green,Aiur,Zendikar‎‎
94,red,Ravnica‎‎,Dominaria‎‎
20,white,Ravnica‎‎,Dominaria‎‎
6,red,Korhal,Zendikar‎‎
23,white,Aiur,Zendikar‎‎
30,red,Eos,Mirrodin
18,black,Eos,Mirrodin
37,red,Gaia,Mirrodin
2,white,Ravnica‎‎,Dominaria‎‎
92,red,Gaia,Mirrodin
65,blue,Ravnica‎‎,Dominaria‎‎
7,white,Korhal,Zendikar‎‎
29,green,Ravnica‎‎,Dominaria‎‎
60,red,Ravnica‎‎,Dominaria‎‎
88,blue,Ravnica‎‎,Dominaria‎‎
5,white,Ravnica‎‎,Dominaria‎‎
44,red,Korhal,Zendikar‎‎
80,white,Korhal,Zendikar‎‎
48,blue,Korhal,Zendikar‎‎
67,white,Aiur,Zendikar‎‎
48,green,Ravnica‎‎,Dominaria‎‎
18,red,Gaia,Mirrodin
84,green,Eos,Mirrodin
61,red,Aiur,Zendikar‎‎
29,green,Aiur,Zendikar‎‎
40,white,Kamigawa‎‎,Dominaria‎‎
4,green,Aiur,Zendikar‎‎
54,black,Eos,Mirrodin
17,red,Gaia,Mirrodin
69,blue,Ravnica‎‎,Dominaria‎‎
39,red,Eos,Mirrodin
13,white,Ravnica‎‎,Dominaria‎‎
65,blue,Ravnica‎‎,Dominaria‎‎
70,white,Eos,Mirrodin
16,red,Aiur,Zendikar‎‎
44,green,Gaia,Mirrodin
88,red,Eos,Mirrodin
17,black,Aiur,Zendikar‎‎
22,black,Aiur,Zendikar‎‎
68,red,Kamigawa‎‎,Dominaria‎‎
32,green,Ravnica‎‎,Dominaria‎‎
49,red,Eos,Mirrodin
62,blue,Ravnica‎‎,Dominaria‎‎
35,black,Kamigawa‎‎,Dominaria‎‎
99,green,Gaia,Mirrodin
65,black,Ravnica‎‎,Dominaria‎‎
68,red,Gaia,Mirrodin
34,black,Aiur,Zendikar‎‎
67,white,Aiur,Zendikar‎‎
96,green,Kamigawa‎‎,Dominaria‎‎
64,white,Aiur,Zendikar‎‎
43,white,Aiur,Zendikar‎‎
74,white,Aiur,Zendikar‎‎
53,green,Korhal,Zendikar‎‎
56,blue,Korhal,Zendikar‎‎
44,red,Eos,Mirrodin
31,blue,Ravnica‎‎,Dominaria‎‎
63,red,Aiur,Zendikar‎‎
10,white,Korhal,Zendikar‎‎
10,green,Aiur,Zendikar‎‎
16,green,Korhal,Zendikar‎‎
7,black,Ravnica‎‎,Dominaria‎‎
53,black,Aiur,Zendikar‎‎
3,black,Ravnica‎‎,Dominaria‎‎
50,green,Kamigawa‎‎,Dominaria‎‎
86,green,Eos,Mirrodin
49,blue,Kamigawa‎‎,Dominaria‎‎
71,black,Ravnica‎‎,Dominaria‎‎
97,red,Eos,Mirrodin
71,white,Korhal,Zendikar‎‎
17,green,Ravnica‎‎,Dominaria‎‎
66,blue,Aiur,Zendikar‎‎
30,white,Kamigawa‎‎,Dominaria‎‎
47,black,Ravnica‎‎,Dominaria‎‎
42,red,Ravnica‎‎,Dominaria‎‎
63,white,Kamigawa‎‎,Dominaria‎‎
75,green,Ravnica‎‎,Dominaria‎‎
71,white,Aiur,Zendikar‎‎
87,blue,Korhal,Zendikar‎‎
23,green,Eos,Mirrodin
1,blue,Aiur,Zendikar‎‎
32,green,Aiur,Zendikar‎‎
66,black,Ravnica‎‎,Dominaria‎‎
36,black,Aiur,Zendikar‎‎
43,black,Ravnica‎‎,Dominaria‎‎
14,green,Gaia,Mirrodin
4,black,Ravnica‎‎,Dominaria‎‎
31,red,Korhal,Zendikar‎‎
22,green,Aiur,Zendikar‎‎
46,black,Eos,Mirrodin
23,red,Ravnica‎‎,Dominaria‎‎
18,red,Kamigawa‎‎,Dominaria‎‎
94,red,Korhal,Zendikar‎‎
14,green,Gaia,Mirrodin
2,red,Korhal,Zendikar‎‎
15,red,Korhal,Zendikar‎‎
24,green,Gaia,Mirrodin
79,blue,Ravnica‎‎,Dominaria‎‎
44,white,Eos,Mirrodin
22,black,Aiur,Zendikar‎‎
100,red,Aiur,Zendikar‎‎
30,blue,Gaia,Mirrodin
42,red,Kamigawa‎‎,Dominaria‎‎
31,black,Kamigawa‎‎,Dominaria‎‎
7,blue,Korhal,Zendikar‎‎
63,white,Ravnica‎‎,Dominaria‎‎
74,red,Aiur,Zendikar‎‎
50,black,Ravnica‎‎,Dominaria‎‎
13,green,Gaia,Mirrodin
8,blue,Ravnica‎‎,Dominaria‎‎
72,red,Ravnica‎‎,Dominaria‎‎
18,red,Gaia,Mirrodin
79,red,Gaia,Mirrodin
73,blue,Korhal,Zendikar‎‎
62,black,Eos,Mirrodin
98,white,Eos,Mirrodin
71,white,Gaia,Mirrodin
54,green,Aiur,Zendikar‎‎
76,green,Eos,Mirrodin
82,blue,Ravnica‎‎,Dominaria‎‎
5,blue,Aiur,Zendikar‎‎
86,white,Ravnica‎‎,Dominaria‎‎
39,green,Aiur,Zendikar‎‎
91,red,Korhal,Zendikar‎‎
75,white,Gaia,Mirrodin
50,green,Eos,Mirrodin
33,white,Kamigawa‎‎,Dominaria‎‎
69,black,Gaia,Mirrodin
93,white,Kamigawa‎‎,Dominaria‎‎
41,red,Gaia,Mirrodin
53,blue,Aiur,Zendikar‎‎
64,white,Kamigawa‎‎,Dominaria‎‎
67,black,Aiur,Zendikar‎‎
6,green,Gaia,Mirrodin
50,blue,Korhal,Zendikar‎‎
55,blue,Gaia,Mirrodin
99,green,Gaia,Mirrodin
32,red,Aiur,Zendikar‎‎
2,blue,Aiur,Zendikar‎‎
64,black,Gaia,Mirrodin
35,black,Aiur,Zendikar‎‎
18,black,Korhal,Zendikar‎‎
96,white,Ravnica‎‎,Dominaria‎‎
37,black,Ravnica‎‎,Dominaria‎‎
33,white,Eos,Mirrodin
11,blue,Aiur,Zendikar‎‎
1,green,Gaia,Mirrodin
51,white,Gaia,Mirrodin
28,white,Kamigawa‎‎,Dominaria‎‎
98,red,Kamigawa‎‎,Dominaria‎‎
72,blue,Gaia,Mirrodin
71,green,Ravnica‎‎,Dominaria‎‎
57,green,Gaia,Mirrodin
86,blue,Gaia,Mirrodin
5,black,Korhal,Zendikar‎‎
84,black,Kamigawa‎‎,Dominaria‎‎
5,red,Aiur,Zendikar‎‎
2,green,Eos,Mirrodin
57,blue,Kamigawa‎‎,Dominaria‎‎
76,red,Ravnica‎‎,Dominaria‎‎
19,blue,Aiur,Zendikar‎‎
19,white,Gaia,Mirrodin
16,blue,Gaia,Mirrodin
99,green,Gaia,Mirrodin
70,black,Eos,Mirrodin
2,blue,Ravnica‎‎,Dominaria‎‎
86,blue,Ravnica‎‎,Dominaria‎‎
2,white,Kamigawa‎‎,Dominaria‎‎
89,green,Ravnica‎‎,Dominaria‎‎
80,blue,Ravnica‎‎,Dominaria‎‎
48,blue,Gaia,Mirrodin
84,white,Aiur,Zendikar‎‎
80,black,Kamigawa‎‎,Dominaria‎‎
42,blue,Aiur,Zendikar‎‎
72,green,Kamigawa‎‎,Dominaria‎‎
97,green,Eos,Mirrodin
23,green,Aiur,Zendikar‎‎
87,black,Gaia,Mirrodin
81,white,Eos,Mirrodin
53,blue,Eos,Mirrodin
8,blue,Ravnica‎‎,Dominaria‎‎
93,black,Aiur,Zendikar‎‎
39,blue,Gaia,Mirrodin
30,red,Aiur,Zendikar‎‎
53,blue,Aiur,Zendikar‎‎
63,red,Gaia,Mirrodin
82,black,Kamigawa‎‎,Dominaria‎‎
100,black,Eos,Mirrodin
89,black,Korhal,Zendikar‎‎
96,green,Korhal,Zendikar‎‎
65,green,Aiur,Zendikar‎‎
32,blue,Korhal,Zendikar‎‎
1,black,Ravnica‎‎,Dominaria‎‎
71,blue,Korhal,Zendikar‎‎
48,green,Korhal,Zendikar‎‎
23,black,Ravnica‎‎,Dominaria‎‎
34,white,Kamigawa‎‎,Dominaria‎‎
94,white,Korhal,Zendikar‎‎
76,red,Gaia,Mirrodin
12,red,Gaia,Mirrodin
61,white,Ravnica‎‎,Dominaria‎‎
14,black,Aiur,Zendikar‎‎
93,white,Kamigawa‎‎,Dominaria‎‎
35,white,Korhal,Zendikar‎‎
55,white,Gaia,Mirrodin
14,white,Eos,Mirrodin
13,white,Kamigawa‎‎,Dominaria‎‎
69,white,Korhal,Zendikar‎‎
56,blue,Gaia,Mirrodin
96,green,Ravnica‎‎,Dominaria‎‎
14,blue,Korhal,Zendikar‎‎
98,blue,Korhal,Zendikar‎‎
98,black,Kamigawa‎‎,Dominaria‎‎
40,red,Kamigawa‎‎,Dominaria‎‎
87,green,Ravnica‎‎,Dominaria‎‎
77,white,Ravnica‎‎,Dominaria‎‎
75,black,Eos,Mirrodin
44,white,Kamigawa‎‎,Dominaria‎‎
83,blue,Gaia,Mirrodin
56,blue,Gaia,Mirrodin
4,red,Korhal,Zendikar‎‎
8,blue,Kamigawa‎‎,Dominaria‎‎
74,black,Aiur,Zendikar‎‎
67,black,Gaia,Mirrodin
68,green,Korhal,Zendikar‎‎
23,red,Kamigawa‎‎,Dominaria‎‎
38,blue,Gaia,Mirrodin
73,blue,Gaia,Mirrodin
94,black,Aiur,Zendikar‎‎
38,black,Korhal,Zendikar‎‎
59,black,Gaia,Mirrodin
12,black,Eos,Mirrodin
89,red,Kamigawa‎‎,Dominaria‎‎
63,white,Kamigawa‎‎,Dominaria‎‎
89,black,Gaia,Mirrodin
72,blue,Kamigawa‎‎,Dominaria‎‎
94,red,Ravnica‎‎,Dominaria‎‎
15,blue,Gaia,Mirrodin
15,green,Aiur,Zendikar‎‎
6,blue,Aiur,Zendikar‎‎
24,red,Eos,Mirrodin
86,white,Eos,Mirrodin
97,green,Aiur,Zendikar‎‎
4,black,Kamigawa‎‎,Dominaria‎‎
57,red,Korhal,Zendikar‎‎
1,red,Gaia,Mirrodin
67,green,Gaia,Mirrodin
71,red,Eos,Mirrodin
30,green,Kamigawa‎‎,Dominaria‎‎
51,blue,Eos,Mirrodin
80,blue,Gaia,Mirrodin
88,black,Korhal,Zendikar‎‎
46,black,Kamigawa‎‎,Dominaria‎‎
8,white,Eos,Mirrodin
45,green,Korhal,Zendikar‎‎
90,black,Korhal,Zendikar‎‎
60,white,Gaia,Mirrodin
19,red,Ravnica‎‎,Dominaria‎‎
36,black,Korhal,Zendikar‎‎
76,blue,Korhal,Zendikar‎‎
65,black,Kamigawa‎‎,Dominaria‎‎
65,white,Aiur,Zendikar‎‎
99,blue,Gaia,Mirrodin
84,white,Gaia,Mirrodin
28,green,Ravnica‎‎,Dominaria‎‎
71,white,Aiur,Zendikar‎‎
1,red,Eos,Mirrodin
86,green,Aiur,Zendikar‎‎
61,black,Aiur,Zendikar‎‎
65,red,Ravnica‎‎,Dominaria‎‎
29,green,Gaia,Mirrodin
38,white,Gaia,Mirrodin
26,blue,Ravnica‎‎,Dominaria‎‎
89,red,Gaia,Mirrodin
62,white,Gaia,Mirrodin
89,black,Gaia,Mirrodin
98,green,Gaia,Mirrodin
38,blue,Ravnica‎‎,Dominaria‎‎
20,black,Kamigawa‎‎,Dominaria‎‎
11,white,Korhal,Zendikar‎‎
62,blue,Korhal,Zendikar‎‎
8,blue,Ravnica‎‎,Dominaria‎‎
94,blue,Ravnica‎‎,Dominaria‎‎
61,black,Kamigawa‎‎,Dominaria‎‎
93,green,Eos,Mirrodin
22,black,Korhal,Zendikar‎‎
31,black,Eos,Mirrodin
63,red,Aiur,Zendikar‎‎
33,green,Ravnica‎‎,Dominaria‎‎
39,blue,Eos,Mirrodin
82,blue,Korhal,Zendikar‎‎
46,red,Gaia,Mirrodin
43,red,Kamigawa‎‎,Dominaria‎‎
62,red,Aiur,Zendikar‎‎
57,white,Gaia,Mirrodin
30,blue,Gaia,Mirrodin
68,blue,Aiur,Zendikar‎‎
90,black,Kamigawa‎‎,Dominaria‎‎
43,blue,Gaia,Mirrodin
78,blue,Korhal,Zendikar‎‎
96,blue,Eos,Mirrodin
87,blue,Gaia,Mirrodin
39,green,Korhal,Zendikar‎‎
71,blue,Eos,Mirrodin
2,black,Ravnica‎‎,Dominaria‎‎
52,black,Kamigawa‎‎,Dominaria‎‎
83,white,Ravnica‎‎,Dominaria‎‎
52,white,Kamigawa‎‎,Dominaria‎‎
71,black,Gaia,Mirrodin
7,blue,Kamigawa‎‎,Dominaria‎‎
41,green,Kamigawa‎‎,Dominaria‎‎
48,red,Gaia,Mirrodin
54,red,Aiur,Zendikar‎‎
93,red,Aiur,Zendikar‎‎
7,red,Kamigawa‎‎,Dominaria‎‎
42,red,Kamigawa‎‎,Dominaria‎‎
98,blue,Korhal,Zendikar‎‎
92,white,Eos,Mirrodin
91,blue,Ravnica‎‎,Dominaria‎‎
33,blue,Ravnica‎‎,Dominaria‎‎
4,white,Korhal,Zendikar‎‎
24,black,Korhal,Zendikar‎‎
24,green,Korhal,Zendikar‎‎
61,red,Aiur,Zendikar‎‎
67,blue,Aiur,Zendikar‎‎
79,green,Ravnica‎‎,Dominaria‎‎
93,blue,Eos,Mirrodin
52,blue,Gaia,Mirrodin
89,blue,Korhal,Zendikar‎‎
29,green,Ravnica‎‎,Dominaria‎‎
24,black,Aiur,Zendikar‎‎
14,black,Ravnica‎‎,Dominaria‎‎
73,blue,Kamigawa‎‎,Dominaria‎‎
54,red,Kamigawa‎‎,Dominaria‎‎
15,black,Eos,Mirrodin
15,red,Korhal,Zendikar‎‎
14,black,Korhal,Zendikar‎‎
27,black,Eos,Mirrodin
37,red,Kamigawa‎‎,Dominaria‎‎
70,blue,Kamigawa‎‎,Dominaria‎‎
67,white,Aiur,Zendikar‎‎
71,green,Korhal,Zendikar‎‎
65,white,Aiur,Zendikar‎‎
88,green,Ravnica‎‎,Dominaria‎‎
32,black,Aiur,Zendikar‎‎
62,red,Gaia,Mirrodin
70,green,Eos,Mirrodin
66,white,Eos,Mirrodin
2,green,Gaia,Mirrodin
61,black,Ravnica‎‎,Dominaria‎‎
61,red,Kamigawa‎‎,Dominaria‎‎
25,red,Aiur,Zendikar‎‎
81,black,Aiur,Zendikar‎‎
35,black,Ravnica‎‎,Dominaria‎‎
7,blue,Gaia,Mirrodin
66,white,Korhal,Zendikar‎‎
76,red,Aiur,Zendikar‎‎
43,black,Korhal,Zendikar‎‎
92,red,Aiur,Zendikar‎‎
42,blue,Gaia,Mirrodin
69,blue,Korhal,Zendikar‎‎
16,red,Gaia,Mirrodin
1,green,Korhal,Zendikar‎‎
12,green,Gaia,Mirrodin
27,blue,Gaia,Mirrodin
26,black,Kamigawa‎‎,Dominaria‎‎
31,white,Eos,Mirrodin
15,red,Kamigawa‎‎,Dominaria‎‎
91,red,Ravnica‎‎,Dominaria‎‎
17,white,Korhal,Zendikar‎‎
80,red,Ravnica‎‎,Dominaria‎‎
1,blue,Eos,Mirrodin
31,red,Eos,Mirrodin
99,black,Aiur,Zendikar‎‎
7,black,Korhal,Zendikar‎‎
39,white,Eos,Mirrodin
33,blue,Ravnica‎‎,Dominaria‎‎
41,green,Kamigawa‎‎,Dominaria‎‎
10,green,Ravnica‎‎,Dominaria‎‎
55,blue,Aiur,Zendikar‎‎
79,blue,Kamigawa‎‎,Dominaria‎‎
78,black,Gaia,Mirrodin
96,black,Kamigawa‎‎,Dominaria‎‎
67,black,Korhal,Zendikar‎‎
98,red,Aiur,Zendikar‎‎
67,blue,Gaia,Mirrodin
54,white,Aiur,Zendikar‎‎
13,green,Kamigawa‎‎,Dominaria‎‎
78,green,Eos,Mirrodin
22,red,Ravnica‎‎,Dominaria‎‎
35,blue,Eos,Mirrodin
42,green,Ravnica‎‎,Dominaria‎‎
91,black,Korhal,Zendikar‎‎
64,black,Gaia,Mirrodin
100,black,Aiur,Zendikar‎‎
8,white,Ravnica‎‎,Dominaria‎‎
53,blue,Aiur,Zendikar‎‎
90,red,Eos,Mirrodin
24,red,Korhal,Zendikar‎‎
42,green,Gaia,Mirrodin
61,red,Eos,Mirrodin
34,blue,Gaia,Mirrodin
75,white,Kamigawa‎‎,Dominaria‎‎
59,black,Gaia,Mirrodin
71,red,Gaia,Mirrodin
89,red,Kamigawa‎‎,Dominaria‎‎
7,green,Korhal,Zendikar‎‎
95,black,Ravnica‎‎,Dominaria‎‎
80,red,Eos,Mirrodin
33,white,Eos,Mirrodin
21,white,Gaia,Mirrodin
54,blue,Ravnica‎‎,Dominaria‎‎
89,green,Ravnica‎‎,Dominaria‎‎
73,black,Eos,Mirrodin
6,blue,Ravnica‎‎,Dominaria‎‎
70,white,Ravnica‎‎,Dominaria‎‎
79,blue,Gaia,Mirrodin
21,green,Eos,Mirrodin
64,white,Ravnica‎‎,Dominaria‎‎
71,red,Gaia,Mirrodin
84,white,Ravnica‎‎,Dominaria‎‎
57,blue,Ravnica‎‎,Dominaria‎‎
87,blue,Gaia,Mirrodin
87,blue,Aiur,Zendikar‎‎
7,black,Ravnica‎‎,Dominaria‎‎
33,white,Eos,Mirrodin
94,blue,Ravnica‎‎,Dominaria‎‎
34,green,Ravnica‎‎,Dominaria‎‎
5,green,Eos,Mirrodin
23,blue,Aiur,Zendikar‎‎
52,black,Eos,Mirrodin
36,green,Aiur,Zendikar‎‎
80,black,Ravnica‎‎,Dominaria‎‎
36,red,Ravnica‎‎,Dominaria‎‎
32,green,Gaia,Mirrodin
72,black,Gaia,Mirrodin
43,white,Gaia,Mirrodin
94,black,Kamigawa‎‎,Dominaria‎‎
11,white,Eos,Mirrodin
36,blue,Eos,Mirrodin
84,blue,Aiur,Zendikar‎‎
19,blue,Gaia,Mirrodin
29,red,Aiur,Zendikar‎‎
18,black,Kamigawa‎‎,Dominaria‎‎
8,white,Ravnica‎‎,Dominaria‎‎
35,white,Eos,Mirrodin
61,black,Kamigawa‎‎,Dominaria‎‎
55,black,Korhal,Zendikar‎‎
31,red,Kamigawa‎‎,Dominaria‎‎
31,red,Kamigawa‎‎,Dominaria‎‎
88,blue,Kamigawa‎‎,Dominaria‎‎
70,green,Kamigawa‎‎,Dominaria‎‎
81,black,Eos,Mirrodin
12,green,Eos,Mirrodin
6,red,Korhal,Zendikar‎‎
58,white,Aiur,Zendikar‎‎
83,green,Korhal,Zendikar‎‎
77,blue,Korhal,Zendikar‎‎
28,white,Ravnica‎‎,Dominaria‎‎
61,blue,Kamigawa‎‎,Dominaria‎‎
63,green,Aiur,Zendikar‎‎
14,white,Aiur,Zendikar‎‎
18,white,Aiur,Zendikar‎‎
25,white,Ravnica‎‎,Dominaria‎‎
51,black,Kamigawa‎‎,Dominaria‎‎
6,green,Ravnica‎‎,Dominaria‎‎
12,black,Korhal,Zendikar‎‎
100,black,Eos,Mirrodin
27,black,Aiur,Zendikar‎‎
19,black,Eos,Mirrodin
14,black,Korhal,Zendikar‎‎
29,white,Ravnica‎‎,Dominaria‎‎
99,green,Korhal,Zendikar‎‎
37,white,Gaia,Mirrodin
96,red,Ravnica‎‎,Dominaria‎‎
86,red,Korhal,Zendikar‎‎
8,blue,Kamigawa‎‎,Dominaria‎‎
48,black,Aiur,Zendikar‎‎
80,white,Eos,Mirrodin
37,green,Eos,Mirrodin
93,blue,Gaia,Mirrodin
2,green,Ravnica‎‎,Dominaria‎‎
57,black,Gaia,Mirrodin
77,red,Gaia,Mirrodin
6,green,Eos,Mirrodin
62,white,Aiur,Zendikar‎‎
89,red,Gaia,Mirrodin
36,red,Eos,Mirrodin
99,white,Korhal,Zendikar‎‎
73,red,Kamigawa‎‎,Dominaria‎‎
49,black,Kamigawa‎‎,Dominaria‎‎
70,black,Gaia,Mirrodin
3,green,Korhal,Zendikar‎‎
29,green,Eos,Mirrodin
65,white,Kamigawa‎‎,Dominaria‎‎
16,white,Kamigawa‎‎,Dominaria‎‎
93,white,Eos,Mirrodin
25,green,Gaia,Mirrodin
36,white,Korhal,Zendikar‎‎
19,red,Ravnica‎‎,Dominaria‎‎
93,white,Ravnica‎‎,Dominaria‎‎
30,red,Eos,Mirrodin
19,red,Korhal,Zendikar‎‎
47,green,Korhal,Zendikar‎‎
85,white,Kamigawa‎‎,Dominaria‎‎
32,red,Aiur,Zendikar‎‎
5,green,Eos,Mirrodin
59,blue,Aiur,Zendikar‎‎
95,green,Ravnica‎‎,Dominaria‎‎
94,blue,Aiur,Zendikar‎‎
62,green,Gaia,Mirrodin
3,red,Kamigawa‎‎,Dominaria‎‎
6,black,Eos,Mirrodin
83,white,Korhal,Zendikar‎‎
77,black,Aiur,Zendikar‎‎
88,black,Eos,Mirrodin
75,white,Aiur,Zendikar‎‎
72,green,Ravnica‎‎,Dominaria‎‎
10,red,Ravnica‎‎,Dominaria‎‎
60,red,Aiur,Zendikar‎‎
44,white,Gaia,Mirrodin
46,blue,Gaia,Mirrodin
33,white,Eos,Mirrodin
38,red,Eos,Mirrodin
37,red,Ravnica‎‎,Dominaria‎‎
11,white,Aiur,Zendikar‎‎
7,black,Kamigawa‎‎,Dominaria‎‎
82,green,Gaia,Mirrodin
41,red,Kamigawa‎‎,Dominaria‎‎
79,blue,Ravnica‎‎,Dominaria‎‎
50,blue,Ravnica‎‎,Dominaria‎‎
16,blue,Gaia,Mirrodin
43,red,Korhal,Zendikar‎‎
18,blue,Korhal,Zendikar‎‎
75,white,Eos,Mirrodin
11,green,Aiur,Zendikar‎‎
97,black,Gaia,Mirrodin
51,red,Aiur,Zendikar‎‎
94,red,Korhal,Zendikar‎‎
63,green,Ravnica‎‎,Dominaria‎‎
47,green,Ravnica‎‎,Dominaria‎‎
78,green,Aiur,Zendikar‎‎
36,black,Aiur,Zendikar‎‎
75,red,Ravnica‎‎,Dominaria‎‎
84,green,Ravnica‎‎,Dominaria‎‎
62,black,Korhal,Zendikar‎‎
54,red,Kamigawa‎‎,Dominaria‎‎
92,green,Eos,Mirrodin
78,white,Ravnica‎‎,Dominaria‎‎
12,white,Ravnica‎‎,Dominaria‎‎
5,green,Korhal,Zendikar‎‎
12,blue,Ravnica‎‎,Dominaria‎‎
35,blue,Eos,Mirrodin
66,white,Aiur,Zendikar‎‎
8,blue,Gaia,Mirrodin
89,green,Korhal,Zendikar‎‎
48,red,Korhal,Zendikar‎‎
22,white,Eos,Mirrodin
44,green,Eos,Mirrodin
57,green,Gaia,Mirrodin
19,black,Gaia,Mirrodin
92,white,Gaia,Mirrodin
69,blue,Aiur,Zendikar‎‎
23,red,Korhal,Zendikar‎‎
76,blue,Aiur,Zendikar‎‎
67,white,Kamigawa‎‎,Dominaria‎‎
80,green,Gaia,Mirrodin
14,red,Korhal,Zendikar‎‎
87,blue,Eos,Mirrodin
50,green,Eos,Mirrodin
13,black,Korhal,Zendikar‎‎
86,green,Ravnica‎‎,Dominaria‎‎
78,white,Eos,Mirrodin
2,green,Kamigawa‎‎,Dominaria‎‎
41,green,Kamigawa‎‎,Dominaria‎‎
54,white,Korhal,Zendikar‎‎
85,red,Kamigawa‎‎,Dominaria‎‎
71,green,Korhal,Zendikar‎‎
66,blue,Korhal,Zendikar‎‎
43,white,Gaia,Mirrodin
56,red,Korhal,Zendikar‎‎
92,red,Gaia,Mirrodin
15,white,Kamigawa‎‎,Dominaria‎‎
49,white,Eos,Mirrodin
5,white,Eos,Mirrodin
20,green,Aiur,Zendikar‎‎
30,white,Eos,Mirrodin
81,white,Korhal,Zendikar‎‎
18,white,Kamigawa‎‎,Dominaria‎‎
92,red,Aiur,Zendikar‎‎
16,black,Eos,Mirrodin
62,green,Kamigawa‎‎,Dominaria‎‎
35,white,Kamigawa‎‎,Dominaria‎‎
29,blue,Ravnica‎‎,Dominaria‎‎
47,white,Aiur,Zendikar‎‎
52,white,Korhal,Zendikar‎‎
7,black,Ravnica‎‎,Dominaria‎‎
31,blue,Eos,Mirrodin
13,green,Ravnica‎‎,Dominaria‎‎
50,green,Gaia,Mirrodin
52,blue,Eos,Mirrodin
53,blue,Ravnica‎‎,Dominaria‎‎
20,white,Eos,Mirrodin
3,black,Ravnica‎‎,Dominaria‎‎
45,white,Eos,Mirrodin
98,green,Aiur,Zendikar‎‎
7,blue,Aiur,Zendikar‎‎
10,white,Gaia,Mirrodin
81,green,Eos,Mirrodin
79,blue,Kamigawa‎‎,Dominaria‎‎
9,red,Korhal,Zendikar‎‎
59,blue,Ravnica‎‎,Dominaria‎‎
30,blue,Korhal,Zendikar‎‎
63,white,Ravnica‎‎,Dominaria‎‎
38,red,Gaia,Mirrodin
53,green,Korhal,Zendikar‎‎
98,black,Gaia,Mirrodin
73,blue,Ravnica‎‎,Dominaria‎‎
46,green,Aiur,Zendikar‎‎
9,green,Aiur,Zendikar‎‎
50,black,Gaia,Mirrodin
80,green,Korhal,Zendikar‎‎
8,black,Ravnica‎‎,Dominaria‎‎
70,black,Korhal,Zendikar‎‎
54,blue,Kamigawa‎‎,Dominaria‎‎
79,black,Kamigawa‎‎,Dominaria‎‎
14,blue,Korhal,Zendikar‎‎
27,red,Eos,Mirrodin
10,blue,Eos,Mirrodin
74,green,Gaia,Mirrodin
31,green,Gaia,Mirrodin
81,white,Ravnica‎‎,Dominaria‎‎
41,red,Korhal,Zendikar‎‎
96,blue,Korhal,Zendikar‎‎
69,white,Eos,Mirrodin
52,white,Kamigawa‎‎,Dominaria‎‎
99,green,Kamigawa‎‎,Dominaria‎‎
98,green,Gaia,Mirrodin
94,green,Ravnica‎‎,Dominaria‎‎
77,black,Ravnica‎‎,Dominaria‎‎
61,red,Ravnica‎‎,Dominaria‎‎
27,red,Eos,Mirrodin
84,red,Gaia,Mirrodin
48,black,Kamigawa‎‎,Dominaria‎‎
89,green,Aiur,Zendikar‎‎
8,red,Aiur,Zendikar‎‎
64,red,Korhal,Zendikar‎‎
63,black,Ravnica‎‎,Dominaria‎‎
12,white,Ravnica‎‎,Dominaria‎‎
25,green,Aiur,Zendikar‎‎
31,blue,Aiur,Zendikar‎‎
76,red,Kamigawa‎‎,Dominaria‎‎
89,black,Korhal,Zendikar‎‎
60,white,Korhal,Zendikar‎‎
41,blue,Korhal,Zendikar‎‎
45,blue,Korhal,Zendikar‎‎
82,red,Gaia,Mirrodin
15,blue,Eos,Mirrodin
25,green,Gaia,Mirrodin
85,white,Korhal,Zendikar‎‎
54,white,Korhal,Zendikar‎‎
62,black,Gaia,Mirrodin
71,red,Aiur,Zendikar‎‎
34,blue,Aiur,Zendikar‎‎
95,blue,Aiur,Zendikar‎‎
54,black,Korhal,Zendikar‎‎
8,black,Korhal,Zendikar‎‎
53,green,Aiur,Zendikar‎‎
39,black,Gaia,Mirrodin
52,red,Kamigawa‎‎,Dominaria‎‎
90,blue,Gaia,Mirrodin
63,green,Gaia,Mirrodin
27,red,Kamigawa‎‎,Dominaria‎‎
44,green,Eos,Mirrodin
97,blue,Eos,Mirrodin
89,white,Kamigawa‎‎,Dominaria‎‎
27,red,Gaia,Mirrodin
35,green,Gaia,Mirrodin
69,black,Ravnica‎‎,Dominaria‎‎
20,black,Korhal,Zendikar‎‎
13,blue,Ravnica‎‎,Dominaria‎‎
88,red,Kamigawa‎‎,Dominaria‎‎
12,blue,Aiur,Zendikar‎‎
23,red,Ravnica‎‎,Dominaria‎‎
28,green,Eos,Mirrodin
100,green,Gaia,Mirrodin
77,white,Kamigawa‎‎,Dominaria‎‎
8,blue,Kamigawa‎‎,Dominaria‎‎
58,red,Eos,Mirrodin
51,black,Gaia,Mirrodin
20,blue,Ravnica‎‎,Dominaria‎‎
27,black,Aiur,Zendikar‎‎
14,black,Korhal,Zendikar‎‎
22,black,Korhal,Zendikar‎‎
21,blue,Aiur,Zendikar‎‎
35,white,Ravnica‎‎,Dominaria‎‎
46,green,Gaia,Mirrodin
27,green,Eos,Mirrodin
50,red,Korhal,Zendikar‎‎
88,black,Eos,Mirrodin
32,green,Gaia,Mirrodin
84,red,Gaia,Mirrodin
12,black,Ravnica‎‎,Dominaria‎‎
19,red,Eos,Mirrodin
21,black,Aiur,Zendikar‎‎
52,blue,Eos,Mirrodin
53,black,Aiur,Zendikar‎‎
100,blue,Kamigawa‎‎,Dominaria‎‎
69,blue,Eos,Mirrodin
55,green,Korhal,Zendikar‎‎
49,black,Gaia,Mirrodin
7,white,Aiur,Zendikar‎‎
98,green,Aiur,Zendikar‎‎
68,black,Ravnica‎‎,Dominaria‎‎
80,white,Eos,Mirrodin
72,green,Korhal,Zendikar‎‎
62,black,Kamigawa‎‎,Dominaria‎‎
3,white,Korhal,Zendikar‎‎
41,green,Ravnica‎‎,Dominaria‎‎
29,black,Korhal,Zendikar‎‎
21,white,Aiur,Zendikar‎‎
26,white,Kamigawa‎‎,Dominaria‎‎
16,blue,Korhal,Zendikar‎‎
54,white,Eos,Mirrodin
80,red,Ravnica‎‎,Dominaria‎‎
18,black,Aiur,Zendikar‎‎
44,blue,Gaia,Mirrodin
76,green,Ravnica‎‎,Dominaria‎‎
73,green,Eos,Mirrodin
89,white,Korhal,Zendikar‎‎
50,red,Aiur,Zendikar‎‎
58,green,Korhal,Zendikar‎‎
47,black,Eos,Mirrodin
76,red,Kamigawa‎‎,Dominaria‎‎
51,black,Gaia,Mirrodin
69,green,Ravnica‎‎,Dominaria‎‎
43,green,Aiur,Zendikar‎‎
54,green,Ravnica‎‎,Dominaria‎‎
75,blue,Ravnica‎‎,Dominaria‎‎
71,red,Ravnica‎‎,Dominaria‎‎
31,red,Kamigawa‎‎,Dominaria‎‎
59,blue,Korhal,Zendikar‎‎
87,white,Kamigawa‎‎,Dominaria‎‎
96,green,Gaia,Mirrodin
79,blue,Kamigawa‎‎,Dominaria‎‎
34,white,Eos,Mirrodin
72,blue,Gaia,Mirrodin
88,white,Eos,Mirrodin
34,black,Eos,Mirrodin
10,green,Kamigawa‎‎,Dominaria‎‎
68,green,Gaia,Mirrodin
6,black,Kamigawa‎‎,Dominaria‎‎
15,red,Eos,Mirrodin
13,black,Gaia,Mirrodin
47,black,Korhal,Zendikar‎‎
95,red,Ravnica‎‎,Dominaria‎‎
39,white,Gaia,Mirrodin
92,blue,Ravnica‎‎,Dominaria‎‎
15,red,Ravnica‎‎,Dominaria‎‎
20,red,Aiur,Zendikar‎‎
99,white,Ravnica‎‎,Dominaria‎‎
43,white,Eos,Mirrodin
26,blue,Gaia,Mirrodin
68,red,Gaia,Mirrodin
48,red,Korhal,Zendikar‎‎
48,red,Aiur,Zendikar‎‎
3,green,Korhal,Zendikar‎‎
91,black,Kamigawa‎‎,Dominaria‎‎
70,green,Gaia,Mirrodin
44,black,Kamigawa‎‎,Dominaria‎‎
7,white,Korhal,Zendikar‎‎
79,black,Korhal,Zendikar‎‎
52,red,Eos,Mirrodin
4,red,Kamigawa‎‎,Dominaria‎‎
16,white,Eos,Mirrodin
83,black,Eos,Mirrodin
90,red,Aiur,Zendikar‎‎
90,green,Kamigawa‎‎,Dominaria‎‎
41,green,Korhal,Zendikar‎‎
49,red,Gaia,Mirrodin
12,blue,Aiur,Zendikar‎‎
51,black,Gaia,Mirrodin
99,blue,Eos,Mirrodin
48,red,Gaia,Mirrodin
92,white,Gaia,Mirrodin
11,red,Gaia,Mirrodin
36,white,Eos,Mirrodin
80,green,Kamigawa‎‎,Dominaria‎‎
34,white,Ravnica‎‎,Dominaria‎‎
9,green,Ravnica‎‎,Dominaria‎‎
87,green,Kamigawa‎‎,Dominaria‎‎
14,black,Kamigawa‎‎,Dominaria‎‎
83,white,Kamigawa‎‎,Dominaria‎‎
80,blue,Gaia,Mirrodin
24,green,Eos,Mirrodin
45,blue,Eos,Mirrodin
17,red,Korhal,Zendikar‎‎
9,black,Ravnica‎‎,Dominaria‎‎
70,black,Kamigawa‎‎,Dominaria‎‎
93,green,Gaia,Mirrodin
78,red,Ravnica‎‎,Dominaria‎‎
4,blue,Ravnica‎‎,Dominaria‎‎
30,red,Gaia,Mirrodin
68,blue,Ravnica‎‎,Dominaria‎‎
26,blue,Gaia,Mirrodin
93,blue,Ravnica‎‎,Dominaria‎‎
78,green,Korhal,Zendikar‎‎
60,blue,Gaia,Mirrodin
86,white,Kamigawa‎‎,Dominaria‎‎
60,black,Kamigawa‎‎,Dominaria‎‎
62,green,Ravnica‎‎,Dominaria‎‎
40,white,Korhal,Zendikar‎‎
65,black,Eos,Mirrodin
12,green,Ravnica‎‎,Dominaria‎‎
63,black,Ravnica‎‎,Dominaria‎‎
60,white,Kamigawa‎‎,Dominaria‎‎
74,red,Kamigawa‎‎,Dominaria‎‎
28,red,Gaia,Mirrodin
96,green,Ravnica‎‎,Dominaria‎‎
14,green,Kamigawa‎‎,Dominaria‎‎
